cavity_ev,N1_quantum_ratio,N1_classical_ratio,N1_quantum_rate_s-1,N4_quantum_ratio,N4_classical_ratio,N4_quantum_rate_s-1,N16_quantum_ratio,N16_classical_ratio,N16_quantum_rate_s-1,N64_quantum_ratio,N64_classical_ratio,N64_quantum_rate_s-1
0.06,0.986065386952,0.900882368878,3.17149512963e-20,0.998991333574,0.976540348272,3.2130690225e-20,0.999875919794,0.994214501813,3.21591412884e-20,0.999976613756,0.998558525906,3.21623799216e-20
0.0615,0.98602001378,0.904351476385,3.1713491953e-20,0.998832207302,0.977295035823,3.21255722257e-20,0.999829699297,0.994396852497,3.21576546925e-20,0.999964692084,0.998603730405,3.21619964833e-20
0.063,0.985953269148,0.907646775848,3.17113452366e-20,0.998678951517,0.978016509841,3.21206430396e-20,0.999785336343,0.994571422406,3.21562278409e-20,0.999953255596,0.998647020623,3.21616286501e-20
0.0645,0.985869680035,0.910780665334,3.17086567489e-20,0.998531561695,0.978706827506,3.21159025213e-20,0.999742797062,0.994738678611,3.21548596444e-20,0.999942294165,0.998688510617,3.21612760961e-20
0.066,0.985773099851,0.913764355814,3.17055504277e-20,0.998390011078,0.979367871578,3.21113498101e-20,0.999702045788,0.994899049447,3.21535489558e-20,0.999931797403,0.998728305032,3.21609384874e-20
0.0675,0.98566681059,0.91660801244,3.17021318321e-20,0.998254254121,0.980001369051,3.21069834412e-20,0.999663045404,0.995052928588,3.21522945813e-20,0.999921754722,0.998766500088,3.21606154833e-20
0.069,0.985553607854,0.919320876028,3.16984908776e-20,0.998124229414,0.980608907453,3.21028014394e-20,0.999625757632,0.995200678624,3.21510952898e-20,0.999912155382,0.998803184442,3.21603067384e-20
0.0705,0.985435871925,0.921911367897,3.16947041213e-20,0.997999862168,0.981191949142,3.20988013992e-20,0.999590143279,0.995342634194,3.21499498206e-20,0.999902988536,0.998838439954,3.2160011904e-20
0.072,0.98531562743,0.924387180693,3.16908366818e-20,0.997881066323,0.98175184386,3.20949805527e-20,0.999556162447,0.995479104748,3.21488568906e-20,0.999894243267,0.998872342354,3.21597306287e-20
0.0735,0.985194593637,0.926755357314,3.16869438559e-20,0.997767746374,0.982289839807,3.20913358282e-20,0.999523774713,0.995610376991,3.21478151997e-20,0.999885908619,0.998904961833,3.21594625603e-20
0.075,0.98507422701,0.929022359737,3.16830724882e-20,0.997659798928,0.982807093416,3.20878639003e-20,0.999492939291,0.995736717038,3.21468234359e-20,0.999877973623,0.998936363569,3.2159207346e-20
0.0765,0.984955757347,0.931194129206,3.16792621328e-20,0.997557114064,0.983304678014,3.20845612334e-20,0.999463615169,0.995858372328,3.21458802803e-20,0.999870427328,0.998966608191,3.21589646335e-20
0.078,0.984840218584,0.933276139035,3.16755460443e-20,0.9974595765,0.983783591504,3.20814241199e-20,0.999435761231,0.99597557333,3.21449844104e-20,0.999863258816,0.998995752195,3.21587340717e-20
0.0795,0.984728475124,0.935273441059,3.16719520246e-20,0.997367066625,0.9842447632,3.20784487125e-20,0.999409336363,0.996088535058,3.21441345039e-20,0.999856457224,0.999023848306,3.21585153112e-20
0.081,0.984621244434,0.9371907066,3.16685031497e-20,0.997279461386,0.984689059927,3.20756310537e-20,0.999384299552,0.996197458421,3.21433292417e-20,0.999850011765,0.999050945815,3.21583080051e-20
0.0825,0.984519116472,0.939032262697,3.16652183946e-20,0.997196635079,0.985117291457,3.20729671002e-20,0.999360609972,0.996302531438,3.21425673106e-20,0.999843911738,0.999077090866,3.21581118091e-20
0.084,0.984422570462,0.940802124233,3.16621131725e-20,0.997118460033,0.985530215386,3.20704527459e-20,0.999338227057,0.996403930322,3.21418474059e-20,0.999838146545,0.999102326725,3.21579263824e-20
0.0855,0.984331989394,0.942504022476,3.16591998017e-20,0.997044807221,0.985928541503,3.20680838408e-20,0.999317110575,0.996501820451,3.21411682337e-20,0.999832705708,0.999126694014,3.21577513881e-20
0.087,0.984247672611,0.944141430502,3.16564879099e-20,0.996975546794,0.986312935717,3.20658562085e-20,0.999297220683,0.996596357251,3.21405285125e-20,0.999827578873,0.999150230925,3.2157586493e-20
0.0885,0.984169846746,0.945717585898,3.16539847863e-20,0.996910548554,0.986684023588,3.20637656615e-20,0.999278517989,0.996687686978,3.21399269753e-20,0.999822755827,0.999172973414,3.21574313687e-20
0.09,0.98409867525,0.947235511065,3.16516956881e-20,0.996849682371,0.987042393522,3.20618080145e-20,0.999260963599,0.996775947435,3.21393623711e-20,0.999818226505,0.99919495537,3.21572856916e-20
0.0915,0.984034266719,0.948698031421,3.1649624108e-20,0.996792818556,0.987388599644,3.20599790961e-20,0.999244519159,0.996861268618,3.21388334664e-20,0.999813981,0.999216208776,3.21571491428e-20
0.093,0.983976682168,0.950107791752,3.16477720084e-20,0.996739828185,0.987723164411,3.20582747597e-20,0.999229146898,0.996943773296,3.21383390463e-20,0.99981000957,0.999236763849,3.21570214092e-20
0.0945,0.983925941415,0.951467270931,3.16461400269e-20,0.996690583386,0.988046580968,3.20566908928e-20,0.999214809664,0.997023577545,3.2137877916e-20,0.999806302643,0.999256649171,3.21569021828e-20
0.096,0.983882028681,0.952778795186,3.16447276558e-20,0.996644957596,0.988359315299,3.20552234245e-20,0.99920147095,0.997100791223,3.21374489012e-20,0.999802850828,0.999275891802,3.21567911616e-20
0.0975,0.983844897509,0.95404455009,3.1643533401e-20,0.996602825783,0.988661808175,3.20538683334e-20,0.999189094928,0.997175518417,3.21370508495e-20,0.999799644916,0.999294517393,3.21566880495e-20
0.099,0.9838144751,0.955266591403,3.16425549211e-20,0.996564064643,0.988954476935,3.20526216537e-20,0.999177646467,0.997247857836,3.21366826312e-20,0.999796675887,0.999312550276,3.21565925562e-20
0.1005,0.983790666127,0.956446854915,3.16417891499e-20,0.996528552767,0.989237717102,3.20514794806e-20,0.999167091157,0.997317903178,3.21363431394e-20,0.999793934915,0.999330013559,3.21565043979e-20
0.102,0.983773356104,0.957587165367,3.16412324054e-20,0.996496170796,0.989511903871,3.2050437975e-20,0.999157395325,0.997385743462,3.2136031291e-20,0.999791413366,0.999346929205,3.2156423297e-20
0.1035,0.983762414354,0.958689244576,3.16408804844e-20,0.99646680154,0.989777393463,3.20494933677e-20,0.99914852605,0.997451463337,3.21357460274e-20,0.999789102808,0.999363318105,3.21563489823e-20
0.105,0.983757696636,0.959754718831,3.16407287478e-20,0.996440330098,0.990034524365,3.20486419632e-20,0.999140451174,0.997515143359,3.21354863141e-20,0.999786995009,0.999379200149,3.21562811888e-20
0.1065,0.983759047457,0.960785125646,3.16407721945e-20,0.996416643939,0.990283618476,3.20478801422e-20,0.999133139312,0.997576860251,3.21352511417e-20,0.999785081938,0.999394594285,3.21562196585e-20
0.108,0.983766302125,0.961781919922,3.16410055273e-20,0.99639563299,0.990524982151,3.20472043642e-20,0.999126559858,0.997636687136,3.21350395258e-20,0.999783355769,0.999409518581,3.21561641395e-20
0.1095,0.983779288552,0.962746479592,3.16414232115e-20,0.99637718969,0.990758907168,3.20466111699e-20,0.999120682991,0.99769469376,3.21348505074e-20,0.999781808879,0.999423990277,3.21561143867e-20
0.111,0.983797828854,0.963680110795,3.16420195257e-20,0.996361209047,0.990985671617,3.20460971824e-20,0.999115479674,0.99775094669,3.21346831524e-20,0.999780433851,0.99943802583,3.21560701614e-20
0.1125,0.983821740759,0.964584052618,3.16427886074e-20,0.996347588673,0.991205540724,3.20456591085e-20,0.999110921661,0.9978055095,3.21345365524e-20,0.999779223469,0.999451640967,3.21560312318e-20
0.114,0.983850838852,0.965459481455,3.16437244932e-20,0.996336228815,0.991418767603,3.20452937399e-20,0.999106981488,0.997858442946,3.21344098241e-20,0.999778170724,0.999464850718,3.21559973722e-20
0.1155,0.983884935664,0.966307515024,3.16448211535e-20,0.996327032371,0.991625593966,3.20449979535e-20,0.999103632477,0.997909805121,3.21343021094e-20,0.999777268805,0.999477669462,3.21559683636e-20
0.117,0.983923842642,0.96712921606,3.16460725238e-20,0.996319904902,0.99182625077,3.20447687117e-20,0.999100848726,0.997959651608,3.21342125753e-20,0.999776511104,0.999490110961,3.21559439936e-20
0.1185,0.983967370987,0.967925595729,3.16474725317e-20,0.996314754633,0.992020958819,3.20446030629e-20,0.999098605107,0.99800803561,3.21341404135e-20,0.999775891213,0.999502188393,3.2155924056e-20
0.12,0.9840153324,0.96869761677,3.1649015121e-20,0.996311492447,0.992209929328,3.20444981408e-20,0.99909687726,0.998055008087,3.21340848405e-20,0.999775402919,0.999513914381,3.21559083509e-20
0.1215,0.984067539724,0.969446196417,3.1650694272e-20,0.996310031878,0.992393364444,3.20444511643e-20,0.999095641579,0.998100617867,3.21340450971e-20,0.999775040204,0.999525301026,3.21558966849e-20
0.123,0.984123807509,0.97017220909,3.16525040202e-20,0.996310289086,0.992571457731,3.2044459437e-20,0.999094875207,0.99814491176,3.21340204482e-20,0.999774797243,0.999536359932,3.21558888705e-20
0.1245,0.984183952498,0.970876488899,3.16544384714e-20,0.996312182841,0.992744394624,3.20445203461e-20,0.999094556027,0.998187934664,3.21340101824e-20,0.999774668398,0.999547102232,3.21558847264e-20
0.126,0.984247794048,0.97155983196,3.16564918156e-20,0.996315634492,0.99291235285,3.2044631362e-20,0.999094662647,0.998229729656,3.21340136116e-20,0.999774648221,0.999557538612,3.21558840775e-20
0.1275,0.984315154493,0.972222998554,3.16586583385e-20,0.996320567937,0.993075502824,3.2044790037e-20,0.999095174392,0.998270338087,3.21340300709e-20,0.999774731443,0.999567679329,3.21558867542e-20
0.129,0.984385859449,0.972866715129,3.16609324314e-20,0.996326909588,0.993234008022,3.20449940044e-20,0.999096071287,0.998309799667,3.21340589179e-20,0.999774912979,0.99957753424,3.21558925929e-20
0.1305,0.984459738071,0.97349167617,3.16633085993e-20,0.996334588328,0.993388025321,3.20452409767e-20,0.999097334047,0.998348152541,3.21340995322e-20,0.999775187915,0.999587112812,3.21559014357e-20
0.132,0.984536623274,0.974098545937,3.16657814682e-20,0.996343535478,0.993537705327,3.20455287451e-20,0.999098944065,0.998385433366,3.21341513154e-20,0.999775551516,0.999596424148,3.21559131302e-20
0.1335,0.984616351908,0.974687960087,3.16683457908e-20,0.996353684745,0.993683192681,3.20458551773e-20,0.999100883394,0.998421677381,3.21342136903e-20,0.99977599921,0.999605477001,3.21559275295e-20
0.135,0.984698764901,0.975260527193,3.16709964508e-20,0.99636497218,0.993824626341,3.20462182165e-20,0.999103134733,0.998456918475,3.21342861005e-20,0.999776526596,0.999614279787,3.21559444919e-20
0.1365,0.984783707372,0.975816830157,3.16737284667e-20,0.996377336128,0.993962139856,3.20466158798e-20,0.999105681417,0.998491189243,3.21343680098e-20,0.99977712943,0.999622840607,3.21559638809e-20
0.138,0.984871028718,0.976357427542,3.16765369947e-20,0.996390717182,0.994095861613,3.20470462564e-20,0.999108507394,0.998524521052,3.21344589021e-20,0.999777803628,0.999631167257,3.21559855652e-20
0.1395,0.984960582674,0.976882854808,3.16794173304e-20,0.996405058128,0.994225915082,3.20475075062e-20,0.999111597219,0.998556944093,3.21345582805e-20,0.99977854526,0.99963926724,3.21560094184e-20
0.141,0.985052227353,0.977393625481,3.16823649103e-20,0.996420303896,0.994352419037,3.20479978579e-20,0.99911493603,0.99858848743,3.21346656671e-20,0.999779350542,0.999647147785,3.21560353188e-20
0.1425,0.985145825264,0.977890232244,3.16853753123e-20,0.996436401507,0.99447548777,3.20485156074e-20,0.999118509539,0.998619179057,3.21347806024e-20,0.999780215842,0.999654815852,3.21560631496e-20
0.144,0.985241243319,0.978373147961,3.16884442558e-20,0.996453300019,0.99459523129,3.20490591165e-20,0.999122304014,0.998649045936,3.21349026446e-20,0.999781137664,0.999662278149,3.21560927983e-20
0.1455,0.985338352818,0.978842826645,3.16915676014e-20,0.996470950474,0.994711755514,3.20496268104e-20,0.999126306265,0.99867811405,3.21350313695e-20,0.999782112653,0.999669541139,3.2156124157e-20
0.147,0.985437029426,0.979299704362,3.16947413502e-20,0.996489305845,0.994825162446,3.20502171767e-20,0.999130503623,0.998706408436,3.21351663697e-20,0.999783137588,0.999676611053,3.21561571221e-20
0.1485,0.985537153133,0.979744200087,3.16979616422e-20,0.996508320983,0.994935550345,3.2050828763e-20,0.999134883936,0.998733953233,3.21353072542e-20,0.999784209376,0.999683493898,3.21561915941e-20
0.15,0.985638608211,0.980176716508,3.17012247553e-20,0.99652795256,0.995043013889,3.20514601761e-20,0.99913943554,0.998760771712,3.21354536481e-20,0.999785325052,0.999690195468,3.21562274778e-20
0.1515,0.985741283155,0.980597640785,3.17045271031e-20,0.996548159021,0.995147644326,3.20521100791e-20,0.999144147257,0.99878688632,3.21356051917e-20,0.999786481771,0.99969672135,3.21562646815e-20
0.153,0.985845070623,0.981007345264,3.17078652331e-20,0.996568900524,0.995249529618,3.20527771908e-20,0.999149008371,0.998812318707,3.21357615403e-20,0.99978767681,0.999703076935,3.21563031177e-20
0.1545,0.98594986736,0.981406188155,3.17112358244e-20,0.996590138896,0.995348754579,3.20534602834e-20,0.999154008616,0.998837089761,3.21359223639e-20,0.999788907557,0.999709267427,3.21563427024e-20
0.156,0.986055574129,0.98179451417,3.17146356852e-20,0.996611837574,0.995445401005,3.20541581808e-20,0.999159138164,0.99886121964,3.21360873462e-20,0.999790171514,0.999715297844,3.21563833552e-20
0.1575,0.986162095624,0.982172655129,3.17180617501e-20,0.996633961558,0.995539547801,3.20548697574e-20,0.999164387607,0.998884727799,3.21362561847e-20,0.999791466287,0.999721173036,3.21564249991e-20
0.159,0.98626934039,0.982540930526,3.17215110777e-20,0.996656477357,0.995631271095,3.20555939361e-20,0.999169747946,0.998907633022,3.213642859e-20,0.999792789588,0.99972689768,3.21564675606e-20
0.1605,0.986377220734,0.982899648076,3.17249808474e-20,0.996679352943,0.995720644352,3.20563296866e-20,0.999175210576,0.998929953441,3.21366042853e-20,0.99979413923,0.999732476297,3.21565109693e-20
0.162,0.986485652635,0.983249104225,3.1728468357e-20,0.996702557701,0.995807738481,3.20570760242e-20,0.99918076727,0.998951706571,3.2136783006e-20,0.99979551312,0.99973791325,3.2156555158e-20
0.1635,0.986594555649,0.983589584637,3.1731971019e-20,0.996726062378,0.995892621939,3.20578320083e-20,0.999186410173,0.998972909326,3.21369644994e-20,0.999796909261,0.999743212756,3.21566000622e-20
0.165,0.986703852819,0.983921364651,3.17354863583e-20,0.99674983904,0.995975360823,3.20585967402e-20,0.999192131779,0.998993578048,3.21371485242e-20,0.999798325745,0.999748378889,3.21566456208e-20
0.1665,0.986813470578,0.984244709726,3.17390120088e-20,0.996773861023,0.996056018969,3.20593693624e-20,0.999197924927,0.999013728524,3.213733485e-20,0.99979976075,0.999753415584,3.21566917751e-20
0.168,0.986923338652,0.984559875849,3.17425457102e-20,0.996798102893,0.996134658036,3.20601490569e-20,0.999203782786,0.999033376012,3.21375232571e-20,0.99980121254,0.999758326647,3.21567384692e-20
0.1695,0.987033389967,0.984867109936,3.17460853052e-20,0.996822540393,0.996211337592,3.20609350434e-20,0.99920969884,0.999052535259,3.21377135359e-20,0.999802679457,0.999763115753,3.21567856498e-20
0.171,0.987143560552,0.985166650202,3.17496287362e-20,0.996847150409,0.996286115193,3.20617265786e-20,0.99921566688,0.999071220517,3.21379054867e-20,0.999804159924,0.999767786459,3.21568332663e-20
0.1725,0.987253789444,0.985458726523,3.17531740427e-20,0.996871910924,0.996359046464,3.20625229543e-20,0.999221680991,0.99908944557,3.21380989194e-20,0.999805652435,0.999772342202,3.21568812701e-20
0.174,0.987364018592,0.985743560769,3.17567193573e-20,0.996896800978,0.996430185169,3.20633234964e-20,0.999227735542,0.999107223741,3.21382936527e-20,0.999807155558,0.999776786305,3.21569296152e-20
0.1755,0.987474192764,0.986021367137,3.17602629038e-20,0.996921800625,0.996499583281,3.20641275634e-20,0.999233825173,0.999124567918,3.21384895143e-20,0.999808667931,0.999781121984,3.21569782579e-20
0.177,0.987584259455,0.98629235245,3.17638029933e-20,0.996946890902,0.996567291054,3.20649345453e-20,0.999239944787,0.999141490564,3.21386863403e-20,0.999810188257,0.999785352348,3.21570271563e-20
0.1785,0.987694168794,0.986556716456,3.17673380218e-20,0.996972053785,0.996633357082,3.20657438624e-20,0.999246089538,0.999158003738,3.21388839747e-20,0.999811715304,0.999789480406,3.21570762709e-20
0.18,0.987803873452,0.986814652107,3.17708664673e-20,0.996997272152,0.996697828364,3.20665549641e-20,0.999252254823,0.999174119105,3.21390822696e-20,0.9998132479,0.999793509068,3.2157125564e-20
0.1815,0.98791332856,0.987066345824,3.17743868864e-20,0.997022529754,0.996760750363,3.20673673277e-20,0.99925843627,0.999189847952,3.21392810843e-20,0.999814784933,0.999797441152,3.21571749998e-20
0.183,0.988022491614,0.987311977756,3.17778979121e-20,0.997047811174,0.996822167059,3.20681804573e-20,0.999264629732,0.999205201202,3.21394802854e-20,0.999816325349,0.999801279384,3.21572245444e-20
0.1845,0.988131322394,0.987551722017,3.17813982509e-20,0.997073101799,0.99688212101,3.2068993883e-20,0.999270831274,0.999220189427,3.21396797464e-20,0.999817868147,0.999805026403,3.21572741656e-20
0.186,0.98823978288,0.987785746925,3.17848866798e-20,0.997098387783,0.996940653398,3.20698071595e-20,0.999277037166,0.999234822863,3.21398793474e-20,0.999819412376,0.999808684763,3.21573238329e-20
0.1875,0.988347837168,0.98801421522,3.17883620441e-20,0.99712365602,0.996997804081,3.20706198651e-20,0.999283243879,0.999249111416,3.21400789747e-20,0.999820957139,0.999812256937,3.21573735173e-20
0.189,0.988455451394,0.988237284277,3.17918232547e-20,0.997148894109,0.997053611641,3.20714316011e-20,0.999289448067,0.999263064679,3.21402785208e-20,0.999822501585,0.999815745321,3.21574231915e-20
0.1905,0.988562593652,0.988455106311,3.17952692853e-20,0.997174090332,0.997108113429,3.20722419906e-20,0.999295646571,0.999276691943,3.21404778841e-20,0.999824044908,0.999819152234,3.21574728296e-20
0.192,0.988669233921,0.988667828565,3.17986991703e-20,0.997199233619,0.997161345611,3.20730506774e-20,0.999301836402,0.999290002203,3.21406769685e-20,0.999825586349,0.999822479922,3.21575224072e-20
0.1935,0.988775343992,0.988875593504,3.18021120026e-20,0.997224313524,0.997213343209,3.20738573257e-20,0.999308014737,0.999303004175,3.21408756831e-20,0.999827125188,0.999825730561,3.21575719011e-20
0.195,0.988880897391,0.989078538985,3.18055069305e-20,0.997249320197,0.997264140141,3.20746616186e-20,0.999314178913,0.9993157063,3.21410739423e-20,0.999828660747,0.999828906259,3.21576212895e-20
0.1965,0.988985869316,0.989276798432,3.18088831564e-20,0.997274244362,0.997313769259,3.20754632579e-20,0.99932032642,0.999328116755,3.21412716654e-20,0.999830192387,0.999832009058,3.21576705518e-20
0.198,0.989090236564,0.989470500997,3.1812239934e-20,0.99729907729,0.997362262391,3.20762619626e-20,0.999326454894,0.999340243466,3.21414687763e-20,0.999831719504,0.999835040938,3.21577196687e-20
0.1995,0.989193977466,0.989659771716,3.18155765663e-20,0.997323810772,0.997409650372,3.20770574688e-20,0.999332562108,0.999352094112,3.21416652034e-20,0.999833241532,0.999838003816,3.21577686219e-20
0.201,0.989297071827,0.98984473166,3.18188924039e-20,0.997348437105,0.997455963081,3.20778495288e-20,0.99933864597,0.999363676136,3.21418608795e-20,0.999834757937,0.999840899551,3.21578173942e-20
0.2025,0.98939950086,0.990025498075,3.18221868424e-20,0.997372949061,0.997501229473,3.20786379101e-20,0.999344704516,0.999374996751,3.21420557413e-20,0.999836268219,0.999843729946,3.21578659696e-20
0.204,0.989501247126,0.990202184524,3.1825459321e-20,0.997397339873,0.997545477612,3.2079422395e-20,0.999350735903,0.99938606295,3.21422497296e-20,0.999837771906,0.999846496746,3.21579143329e-20
0.2055,0.989602294481,0.990374901015,3.18287093204e-20,0.997421603208,0.997588734701,3.20802027799e-20,0.999356738405,0.999396881514,3.21424427888e-20,0.99983926856,0.999849201646,3.21579624699e-20
0.207,0.989702628013,0.990543754129,3.1831936361e-20,0.997445733154,0.997631027114,3.20809788745e-20,0.999362710406,0.999407459015,3.21426348671e-20,0.999840757766,0.999851846288,3.21580103675e-20
0.2085,0.989802233994,0.990708847142,3.18351400013e-20,0.997469724197,0.997672380419,3.20817505016e-20,0.999368650398,0.999417801829,3.21428259158e-20,0.99984223914,0.999854432264,3.21580580131e-20
0.21,0.989901099824,0.99087028014,3.18383198361e-20,0.997493571204,0.99771281941,3.2082517496e-20,0.999374556973,0.999427916139,3.21430158898e-20,0.999843712323,0.999856961119,3.21581053953e-20
0.2115,0.989999213982,0.991028150131,3.18414754947e-20,0.997517269406,0.997752368133,3.20832797044e-20,0.99938042882,0.999437807939,3.21432047468e-20,0.999845176978,0.99985943435,3.21581525032e-20
0.213,0.990096565978,0.991182551155,3.18446066398e-20,0.997540814379,0.997791049908,3.20840369845e-20,0.99938626472,0.999447483048,3.21433924476e-20,0.999846632795,0.999861853412,3.21581993268e-20
0.2145,0.990193146302,0.991333574384,3.18477129656e-20,0.997564202032,0.997828887357,3.20847892047e-20,0.999392063543,0.999456947108,3.21435789559e-20,0.999848079484,0.999864219715,3.21582458569e-20
0.216,0.990288946384,0.991481308222,3.18507941963e-20,0.99758742859,0.997865902426,3.20855362435e-20,0.999397824242,0.999466205594,3.2143764238e-20,0.999849516776,0.999866534625,3.21582920847e-20
0.2175,0.990383958548,0.9916258384,3.1853850085e-20,0.997610490575,0.997902116406,3.20862779892e-20,0.99940354585,0.99947526382,3.21439482629e-20,0.999850944424,0.999868799472,3.21583380023e-20
0.219,0.990478175969,0.99176724807,3.18568804124e-20,0.997633384799,0.997937549959,3.20870143392e-20,0.999409227476,0.999484126941,3.21441310018e-20,0.9998523622,0.999871015542,3.21583836024e-20
0.2205,0.990571592633,0.991905617889,3.18598849849e-20,0.997656108344,0.997972223134,3.20877451996e-20,0.999414868301,0.999492799961,3.21443124284e-20,0.999853769893,0.999873184088,3.21584288782e-20
0.222,0.990664203299,0.992041026107,3.1862863634e-20,0.997678658554,0.998006155391,3.20884704849e-20,0.999420467578,0.999501287737,3.21444925186e-20,0.99985516731,0.999875306322,3.21584738236e-20
0.2235,0.99075600346,0.992173548646,3.18658162147e-20,0.997701033017,0.998039365617,3.20891901178e-20,0.999426024621,0.999509594985,3.21446712506e-20,0.999856554276,0.999877383422,3.21585184327e-20
0.225,0.990846989309,0.992303259182,3.18687426046e-20,0.997723229559,0.998071872149,3.2089904028e-20,0.999431538811,0.999517726282,3.21448486042e-20,0.99985793063,0.999879416534,3.21585627006e-20
0.2265,0.990937157703,0.992430229214,3.18716427025e-20,0.997745246227,0.998103692789,3.2090612153e-20,0.999437009585,0.999525686073,3.21450245614e-20,0.999859296228,0.999881406767,3.21586066225e-20
0.228,0.991026506128,0.992554528144,3.18745164277e-20,0.99776708128,0.99813484482,3.20913144367e-20,0.999442436438,0.999533478675,3.2145199106e-20,0.999860650939,0.999883355201,3.21586501942e-20
0.2295,0.991115032671,0.992676223342,3.18773637186e-20,0.997788733181,0.998165345029,3.20920108297e-20,0.999447818918,0.999541108279,3.21453722234e-20,0.999861994645,0.999885262883,3.2158693412e-20
0.231,0.991202735985,0.992795380212,3.18801845319e-20,0.997810200582,0.998195209715,3.20927012886e-20,0.999453156626,0.999548578956,3.21455439008e-20,0.999863327243,0.999887130831,3.21587362726e-20
0.2325,0.991289615264,0.992912062262,3.18829788416e-20,0.997831482319,0.998224454712,3.20933857759e-20,0.999458449208,0.999555894661,3.21457141268e-20,0.999864648641,0.999888960032,3.21587787728e-20
0.234,0.991375670211,0.993026331164,3.18857466382e-20,0.997852577399,0.998253095398,3.20940642597e-20,0.999463696358,0.999563059235,3.21458828916e-20,0.999865958758,0.999890751448,3.21588209103e-20
0.2355,0.991460901011,0.99313824681,3.18884879277e-20,0.997873484991,0.998281146715,3.20947367134e-20,0.999468897815,0.999570076413,3.21460501868e-20,0.999867257525,0.999892506011,3.21588626827e-20
0.237,0.991545308306,0.993247867376,3.18912027307e-20,0.997894204422,0.998308623178,3.20954031152e-20,0.999474053355,0.999576949818,3.21462160051e-20,0.999868544884,0.999894224628,3.21589040882e-20
0.2385,0.991628893174,0.993355249376,3.18938910818e-20,0.997914735164,0.998335538893,3.20960634481e-20,0.999479162798,0.999583682977,3.21463803408e-20,0.999869820785,0.99989590818,3.21589451252e-20
0.24,0.991711657095,0.993460447711,3.18965530288e-20,0.997935076828,0.998361907566,3.20967176997e-20,0.999484225997,0.999590279314,3.21465431891e-20,0.999871085191,0.999897557522,3.21589857925e-20
0.2415,0.99179360194,0.993563515728,3.18991886316e-20,0.997955229156,0.998387742518,3.20973658617e-20,0.999489242842,0.999596742158,3.21467045466e-20,0.999872338069,0.999899173488,3.21590260889e-20
0.243,0.991874729939,0.993664505265,3.19017979622e-20,0.997975192016,0.998413056697,3.20980079298e-20,0.999494213256,0.999603074744,3.21468644106e-20,0.999873579398,0.999900756885,3.2159066014e-20
0.2445,0.991955043667,0.993763466702,3.19043811033e-20,0.997994965391,0.99843786269,3.20986439035e-20,0.999499137194,0.999609280218,3.21470227799e-20,0.999874809165,0.9999023085,3.21591055671e-20
0.246,0.99203454602,0.993860449004,3.19069381479e-20,0.998014549376,0.998462172732,3.20992737858e-20,0.99950401464,0.999615361639,3.21471796538e-20,0.999876027361,0.999903829097,3.21591447481e-20
0.2475,0.992113240197,0.99395549977,3.19094691991e-20,0.998033944172,0.998485998719,3.20998975832e-20,0.999508845604,0.999621321979,3.21473350328e-20,0.999877233989,0.999905319421,3.21591835571e-20
0.249,0.992191129681,0.994048665271,3.19119743689e-20,0.998053150076,0.99850935222,3.21005153052e-20,0.999513630126,0.999627164131,3.2147488918e-20,0.999878429056,0.999906780193,3.21592219941e-20
0.2505,0.992268218224,0.994139990499,3.19144537779e-20,0.99807216748,0.998532244482,3.21011269645e-20,0.999518368269,0.999632890906,3.21476413115e-20,0.999879612574,0.999908212117,3.21592600598e-20
0.252,0.992344509825,0.9942295192,3.19169075547e-20,0.998090996863,0.998554686447,3.21017325764e-20,0.999523060119,0.999638505039,3.21477922161e-20,0.999880784564,0.999909615877,3.21592977547e-20
0.2535,0.99242000872,0.994317293916,3.19193358357e-20,0.998109638786,0.998576688755,3.21023321591e-20,0.999527705785,0.99964400919,3.21479416353e-20,0.99988194505,0.999910992136,3.21593350795e-20
0.255,0.992494719362,0.994403356023,3.19217387639e-20,0.998128093888,0.998598261757,3.21029257329e-20,0.999532305397,0.999649405948,3.21480895732e-20,0.999883094064,0.999912341544,3.21593720354e-20
0.2565,0.992568646408,0.994487745765,3.19241164892e-20,0.998146362879,0.998619415523,3.21035133209e-20,0.999536859103,0.99965469783,3.21482360347e-20,0.99988423164,0.999913664728,3.21594086234e-20
0.258,0.992641794705,0.994570502293,3.19264691676e-20,0.998164446539,0.998640159848,3.21040949481e-20,0.999541367072,0.999659887285,3.2148381025e-20,0.99988535782,0.999914962301,3.21594448449e-20
0.2595,0.992714169278,0.994651663693,3.19287969605e-20,0.998182345711,0.998660504267,3.21046706415e-20,0.999545829487,0.999664976696,3.21485245503e-20,0.999886472646,0.99991623486,3.21594807012e-20
0.261,0.992785775314,0.994731267023,3.19311000349e-20,0.998200061297,0.998680458054,3.21052404302e-20,0.999550246549,0.999669968385,3.21486666168e-20,0.999887576169,0.999917482983,3.2159516194e-20
0.2625,0.992856618152,0.994809348342,3.19333785625e-20,0.998217594257,0.998700030238,3.21058043451e-20,0.999554618474,0.999674864607,3.21488072316e-20,0.99988866844,0.999918707236,3.21595513248e-20
0.264,0.992926703274,0.994885942744,3.19356327195e-20,0.998234945601,0.998719229604,3.21063624187e-20,0.999558945492,0.99967966756,3.21489464021e-20,0.999889749515,0.999919908168,3.21595860956e-20
0.2655,0.992996036287,0.994961084381,3.19378626864e-20,0.998252116388,0.998738064707,3.2106914685e-20,0.999563227846,0.999684379384,3.2149084136e-20,0.999890819454,0.999921086314,3.21596205082e-20
0.267,0.993064622919,0.995034806499,3.19400686473e-20,0.998269107722,0.99875654387,3.21074611795e-20,0.99956746579,0.99968900216,3.21492204416e-20,0.999891878319,0.999922242193,3.21596545646e-20
0.2685,0.993132469007,0.995107141458,3.194225079e-20,0.99828592075,0.9987746752,3.21080019391e-20,0.999571659593,0.999693537915,3.21493553274e-20,0.999892926176,0.999923376314,3.2159688267e-20
0.27,0.993199580484,0.995178120763,3.19444093053e-20,0.998302556656,0.998792466589,3.2108537002e-20,0.99957580953,0.999697988623,3.21494888024e-20,0.999893963093,0.999924489169,3.21597216175e-20
0.2715,0.993265963376,0.995247775091,3.1946544387e-20,0.99831901666,0.998809925722,3.21090664073e-20,0.999579915889,0.999702356206,3.21496208757e-20,0.99989498914,0.999925581239,3.21597546183e-20
0.273,0.993331623789,0.995316134309,3.19486562316e-20,0.998335302018,0.998827060082,3.21095901954e-20,0.999583978966,0.999706642537,3.2149751557e-20,0.999896004391,0.999926652992,3.2159787272e-20
0.2745,0.993396567903,0.995383227507,3.19507450377e-20,0.998351414013,0.998843876958,3.21101084076e-20,0.999587999066,0.999710849437,3.2149880856e-20,0.99989700892,0.999927704885,3.21598195808e-20
0.276,0.993460801962,0.995449083012,3.19528110062e-20,0.998367353957,0.998860383448,3.21106210862e-20,0.999591976501,0.999714978684,3.21500087828e-20,0.999898002804,0.99992873736,3.21598515472e-20
0.2775,0.993524332269,0.995513728419,3.19548543398e-20,0.99838312319,0.998876586469,3.21111282741e-20,0.99959591159,0.999719032006,3.21501353476e-20,0.999898986123,0.99992975085,3.21598831738e-20
0.279,0.993587165177,0.995577190605,3.1956875243e-20,0.998398723071,0.998892492757,3.21116300151e-20,0.999599804659,0.999723011088,3.21502605609e-20,0.999899958957,0.999930745777,3.21599144632e-20
0.2805,0.993649307082,0.995639495754,3.19588739213e-20,0.998414154983,0.998908108874,3.21121263537e-20,0.999603656041,0.999726917573,3.21503844334e-20,0.999900921388,0.999931722551,3.2159945418e-20
0.282,0.993710764422,0.995700669379,3.19608505818e-20,0.998429420327,0.998923441217,3.2112617335e-20,0.999607466071,0.99973075306,3.21505069759e-20,0.9999018735,0.999932681572,3.21599760409e-20
0.2835,0.993771543662,0.995760736337,3.19628054325e-20,0.998444520523,0.998938496015,3.21131030046e-20,0.999611235092,0.999734519108,3.21506281994e-20,0.999902815377,0.999933623231,3.21600063346e-20
0.285,0.993831651295,0.99581972085,3.19647386823e-20,0.998459457003,0.998953279343,3.21135834086e-20,0.999614963451,0.999738217236,3.21507481151e-20,0.999903747105,0.999934547906,3.21600363019e-20
0.2865,0.993891093836,0.995877646525,3.19666505406e-20,0.998474231216,0.998967797119,3.21140585935e-20,0.999618651498,0.999741848925,3.21508667343e-20,0.999904668771,0.999935455968,3.21600659456e-20
0.288,0.993949877813,0.995934536369,3.19685412174e-20,0.99848884462,0.998982055112,3.21145286064e-20,0.999622299587,0.999745415617,3.21509840682e-20,0.999905580462,0.999936347778,3.21600952684e-20
0.2895,0.994008009766,0.995990412809,3.19704109231e-20,0.998503298685,0.998996058944,3.21149934944e-20,0.999625908074,0.999748918721,3.21511001284e-20,0.999906482268,0.999937223687,3.21601242733e-20
0.291,0.994065496242,0.996045297706,3.19722598682e-20,0.998517594889,0.999009814098,3.21154533051e-20,0.999629477319,0.999752359606,3.21512149265e-20,0.999907374278,0.999938084039,3.21601529632e-20
0.2925,0.994122343788,0.996099212372,3.19740882633e-20,0.998531734719,0.999023325919,3.21159080863e-20,0.999633007684,0.999755739611,3.21513284741e-20,0.999908256581,0.999938929168,3.21601813408e-20
0.294,0.99417855895,0.996152177587,3.1975896319e-20,0.998545719666,0.999036599617,3.2116357886e-20,0.999636499532,0.999759060039,3.21514407829e-20,0.999909129267,0.9999397594,3.21602094091e-20
0.2955,0.994234148267,0.996204213612,3.19776842456e-20,0.998559551226,0.999049640275,3.21168027523e-20,0.99963995323,0.999762322162,3.21515518647e-20,0.999909992428,0.999940575053,3.21602371711e-20
0.297,0.994289118269,0.996255340204,3.1979452253e-20,0.9985732309,0.999062452847,3.21172427334e-20,0.999643369143,0.999765527218,3.21516617311e-20,0.999910846155,0.999941376436,3.21602646296e-20
0.2985,0.994343475473,0.996305576634,3.19812005509e-20,0.99858676019,0.999075042167,3.21176778778e-20,0.99964674764,0.999768676418,3.21517703942e-20,0.999911690539,0.999942163853,3.21602917876e-20
0.3,0.994397226378,0.996354941693,3.19829293484e-20,0.998600140601,0.999087412948,3.21181082337e-20,0.999650089088,0.999771770941,3.21518778656e-20,0.999912525672,0.999942937597,3.21603186481e-20
