step,time_ps,pe_kj_mol,ke_kj_mol,te_kj_mol,temp_k,rmsd_A,rg_A,n_imhb
5500,11.0,-6292.07,234.93,-6057.14,274.3,2.724,6.436,0
6000,12.0,-6263.02,254.1,-6008.93,296.7,2.451,6.64,0
6500,13.0,-6293.35,279.38,-6013.98,326.2,2.463,6.815,0
7000,14.0,-6230.95,262.15,-5968.8,306.1,2.593,6.908,0
7500,15.0,-6235.73,264.27,-5971.46,308.6,3.032,6.768,0
8000,16.0,-6310.21,275.03,-6035.18,321.2,2.797,7.521,0
8500,17.0,-6281.04,227.26,-6053.78,265.4,2.266,8.059,0
9000,18.0,-6274.39,236.84,-6037.55,276.6,2.506,7.927,0
9500,19.0,-6305.58,281.4,-6024.19,328.6,2.743,7.803,0
10000,20.0,-6290.04,321.83,-5968.2,375.8,2.714,7.569,0
10500,21.0,-6257.44,245.9,-6011.54,287.1,2.653,7.512,0
11000,22.0,-6276.65,227.7,-6048.94,265.9,2.845,7.434,0
11500,23.0,-6314.22,277.35,-6036.87,323.9,2.701,7.505,0
12000,24.0,-6300.79,242.18,-6058.61,282.8,2.714,7.802,0
12500,25.0,-6254.23,250.13,-6004.1,292.1,2.789,7.697,0
13000,26.0,-6272.07,234.17,-6037.9,273.4,2.906,7.652,0
13500,27.0,-6269.52,256.75,-6012.77,299.8,2.996,7.912,0
14000,28.0,-6277.66,263.51,-6014.15,307.7,2.829,7.483,0
14500,29.0,-6309.16,250.84,-6058.32,292.9,2.801,7.867,0
15000,30.0,-6265.7,271.59,-5994.11,317.1,3.008,7.718,0
15500,31.0,-6255.86,262.26,-5993.6,306.2,3.14,7.594,0
16000,32.0,-6235.58,289.95,-5945.63,338.6,2.704,7.788,0
16500,33.0,-6246.01,269.16,-5976.85,314.3,2.72,7.991,0
17000,34.0,-6274.74,240.82,-6033.92,281.2,3.202,7.486,0
17500,35.0,-6279.01,219.93,-6059.08,256.8,3.291,7.772,0
18000,36.0,-6313.38,264.67,-6048.71,309.1,3.115,7.814,0
18500,37.0,-6269.92,233.19,-6036.73,272.3,3.05,7.807,0
19000,38.0,-6311.45,227.39,-6084.05,265.5,2.908,7.802,0
19500,39.0,-6268.59,238.24,-6030.35,278.2,2.907,7.698,0
20000,40.0,-6292.93,206.86,-6086.06,241.6,2.716,7.696,0
20500,41.0,-6284.03,236.12,-6047.91,275.7,2.656,7.8,0
21000,42.0,-6237.66,272.54,-5965.12,318.2,2.861,7.472,0
21500,43.0,-6252.89,268.97,-5983.92,314.1,2.583,7.722,0
22000,44.0,-6265.24,291.6,-5973.63,340.5,2.748,7.798,0
22500,45.0,-6266.68,264.48,-6002.2,308.8,2.799,7.431,0
23000,46.0,-6260.01,265.01,-5995.0,309.5,3.107,7.586,0
23500,47.0,-6267.56,250.74,-6016.82,292.8,2.483,7.733,0
24000,48.0,-6305.55,249.05,-6056.5,290.8,2.66,7.887,0
24500,49.0,-6285.73,268.36,-6017.37,313.4,2.961,7.901,0
25000,50.0,-6255.09,256.32,-5998.76,299.3,2.848,7.406,0
25500,51.0,-6256.15,288.45,-5967.7,336.8,2.721,7.886,0
26000,52.0,-6255.55,294.04,-5961.5,343.4,2.76,7.686,0
26500,53.0,-6298.55,254.26,-6044.29,296.9,2.788,7.461,0
27000,54.0,-6279.43,240.02,-6039.4,280.3,2.787,7.508,0
27500,55.0,-6281.02,272.15,-6008.87,317.8,2.457,7.714,0
28000,56.0,-6260.94,276.58,-5984.36,323.0,2.825,7.7,0
28500,57.0,-6265.54,281.91,-5983.64,329.2,2.975,7.791,0
29000,58.0,-6210.15,275.2,-5934.96,321.3,3.196,7.716,0
29500,59.0,-6264.58,318.11,-5946.47,371.5,2.511,7.755,0
30000,60.0,-6282.03,264.26,-6017.77,308.6,2.346,7.636,0
30500,61.0,-6318.07,288.04,-6030.03,336.3,2.452,7.885,0
31000,62.0,-6331.99,255.69,-6076.3,298.6,2.918,7.65,0
31500,63.0,-6272.32,261.32,-6011.0,305.1,2.986,7.547,0
32000,64.0,-6279.49,250.06,-6029.44,292.0,2.898,7.586,0
32500,65.0,-6296.15,337.37,-5958.78,393.9,2.552,7.766,0
33000,66.0,-6314.05,274.82,-6039.23,320.9,2.292,7.852,0
33500,67.0,-6314.56,247.74,-6066.83,289.3,2.467,7.664,0
34000,68.0,-6296.25,208.75,-6087.5,243.8,2.391,7.658,0
34500,69.0,-6304.07,233.42,-6070.65,272.6,2.66,7.846,0
35000,70.0,-6285.99,253.19,-6032.79,295.7,2.28,7.849,0
35500,71.0,-6280.44,270.87,-6009.57,316.3,2.564,7.977,0
36000,72.0,-6278.12,266.15,-6011.97,310.8,2.998,7.568,0
36500,73.0,-6282.76,247.01,-6035.75,288.4,3.093,7.384,0
37000,74.0,-6313.76,295.01,-6018.75,344.5,2.774,7.591,0
37500,75.0,-6276.87,238.34,-6038.53,278.3,2.297,7.779,0
38000,76.0,-6310.12,239.8,-6070.32,280.0,2.801,7.784,0
38500,77.0,-6276.93,228.83,-6048.1,267.2,3.059,7.746,0
39000,78.0,-6274.35,233.42,-6040.93,272.6,2.728,7.785,0
39500,79.0,-6230.71,257.23,-5973.48,300.4,2.562,7.689,0
40000,80.0,-6242.98,254.12,-5988.86,296.7,2.893,7.825,0
40500,81.0,-6303.13,297.82,-6005.31,347.8,3.071,7.326,0
41000,82.0,-6246.9,253.44,-5993.46,295.9,3.097,7.381,0
41500,83.0,-6286.36,268.6,-6017.76,313.6,2.85,7.623,0
42000,84.0,-6256.09,240.39,-6015.7,280.7,3.141,7.811,0
42500,85.0,-6245.01,259.71,-5985.3,303.3,2.779,7.452,0
43000,86.0,-6279.78,226.71,-6053.07,264.7,2.565,7.77,0
43500,87.0,-6293.42,244.38,-6049.03,285.4,2.941,7.641,0
44000,88.0,-6295.68,245.18,-6050.5,286.3,2.796,7.581,0
44500,89.0,-6303.57,230.56,-6073.0,269.2,2.626,7.825,0
45000,90.0,-6283.59,249.11,-6034.48,290.9,2.655,7.688,0
45500,91.0,-6292.22,267.19,-6025.03,312.0,2.932,7.771,0
46000,92.0,-6296.69,267.73,-6028.95,312.6,2.873,7.727,0
46500,93.0,-6306.59,241.19,-6065.4,281.6,2.737,7.591,0
47000,94.0,-6285.41,237.25,-6048.16,277.0,2.786,7.584,0
47500,95.0,-6290.44,233.63,-6056.81,272.8,2.645,7.528,0
48000,96.0,-6266.58,310.26,-5956.32,362.3,2.105,7.551,0
48500,97.0,-6304.04,287.65,-6016.38,335.9,2.098,7.673,0
49000,98.0,-6319.58,243.22,-6076.36,284.0,2.112,7.706,0
49500,99.0,-6341.94,235.93,-6106.01,275.5,2.315,7.921,0
50000,100.0,-6284.41,214.28,-6070.13,250.2,2.49,7.755,0
50500,101.0,-6301.6,204.79,-6096.81,239.1,2.584,7.85,0
51000,102.0,-6336.45,270.89,-6065.56,316.3,2.461,7.884,0
51500,103.0,-6258.38,240.98,-6017.4,281.4,2.724,7.9,0
52000,104.0,-6307.1,249.49,-6057.61,291.3,2.735,7.879,0
52500,105.0,-6304.99,261.53,-6043.46,305.4,3.182,7.373,0
53000,106.0,-6314.61,263.74,-6050.86,308.0,2.798,7.79,0
53500,107.0,-6284.86,220.43,-6064.43,257.4,2.878,7.718,0
54000,108.0,-6277.66,226.34,-6051.32,264.3,2.835,7.88,0
54500,109.0,-6309.37,258.18,-6051.19,301.5,2.854,7.931,0
55000,110.0,-6275.51,224.12,-6051.39,261.7,2.713,7.769,0
55500,111.0,-6310.23,238.27,-6071.96,278.2,3.013,7.637,0
56000,112.0,-6285.91,253.61,-6032.3,296.1,2.821,7.562,0
56500,113.0,-6276.06,279.29,-5996.77,326.1,2.145,7.679,0
57000,114.0,-6282.14,282.16,-5999.98,329.5,2.699,7.642,0
57500,115.0,-6242.25,285.8,-5956.46,333.7,2.97,7.658,0
58000,116.0,-6292.42,225.09,-6067.33,262.8,2.917,7.736,0
58500,117.0,-6291.78,264.8,-6026.98,309.2,2.734,7.78,0
59000,118.0,-6255.35,268.02,-5987.33,313.0,2.78,7.902,0
59500,119.0,-6312.36,258.67,-6053.68,302.1,2.68,7.682,0
60000,120.0,-6252.19,302.76,-5949.43,353.5,2.357,7.757,0
60500,121.0,-6247.13,253.63,-5993.5,296.2,2.204,7.539,0
61000,122.0,-6275.97,289.78,-5986.19,338.4,2.259,7.939,0
61500,123.0,-6336.25,260.67,-6075.57,304.4,2.564,7.836,0
62000,124.0,-6262.97,218.59,-6044.38,255.2,3.085,7.4,0
62500,125.0,-6283.83,233.54,-6050.3,272.7,3.418,7.382,0
63000,126.0,-6327.38,224.06,-6103.32,261.6,3.203,7.436,0
63500,127.0,-6297.69,261.99,-6035.7,305.9,3.204,7.403,0
64000,128.0,-6230.26,247.45,-5982.81,288.9,3.091,7.555,0
64500,129.0,-6220.53,272.79,-5947.74,318.5,3.059,7.982,0
65000,130.0,-6295.45,277.2,-6018.25,323.7,3.045,7.577,0
65500,131.0,-6275.81,289.65,-5986.16,338.2,2.48,7.508,0
66000,132.0,-6283.97,253.01,-6030.96,295.4,2.665,7.751,0
66500,133.0,-6234.34,209.38,-6024.96,244.5,3.09,7.582,0
67000,134.0,-6306.4,349.08,-5957.31,407.6,2.901,7.761,0
67500,135.0,-6278.72,282.54,-5996.17,329.9,2.308,7.724,0
68000,136.0,-6274.67,246.36,-6028.31,287.7,2.791,7.526,0
68500,137.0,-6256.94,276.72,-5980.22,323.1,2.953,7.789,0
69000,138.0,-6303.27,259.26,-6044.01,302.7,2.857,7.96,0
69500,139.0,-6256.03,264.21,-5991.82,308.5,2.871,7.73,0
70000,140.0,-6226.35,234.78,-5991.56,274.2,2.771,7.934,0
70500,141.0,-6257.48,233.4,-6024.09,272.5,2.879,7.499,0
71000,142.0,-6294.38,230.08,-6064.3,268.7,3.269,7.596,0
71500,143.0,-6274.72,220.91,-6053.81,258.0,3.283,7.319,0
72000,144.0,-6285.39,246.99,-6038.4,288.4,3.199,7.689,0
72500,145.0,-6284.08,213.08,-6071.0,248.8,2.596,7.769,0
73000,146.0,-6272.44,269.89,-6002.55,315.1,3.096,7.839,0
73500,147.0,-6279.1,260.42,-6018.69,304.1,3.376,7.604,0
74000,148.0,-6272.87,275.89,-5996.98,322.2,3.175,7.459,0
74500,149.0,-6288.87,279.14,-6009.73,326.0,2.747,7.861,0
75000,150.0,-6232.23,246.63,-5985.6,288.0,2.939,7.646,0
75500,151.0,-6221.08,245.52,-5975.56,286.7,2.553,7.764,0
76000,152.0,-6275.51,236.24,-6039.27,275.9,2.543,7.833,0
76500,153.0,-6321.34,239.43,-6081.91,279.6,2.677,8.008,0
77000,154.0,-6319.49,258.4,-6061.09,301.7,2.329,7.836,0
77500,155.0,-6338.58,239.22,-6099.36,279.3,2.288,7.891,0
78000,156.0,-6290.83,213.3,-6077.54,249.1,2.56,7.618,0
78500,157.0,-6267.23,227.61,-6039.62,265.8,2.399,7.748,0
79000,158.0,-6274.44,275.75,-5998.69,322.0,2.623,7.659,0
79500,159.0,-6260.76,259.76,-6001.0,303.3,2.916,7.637,0
80000,160.0,-6299.63,206.63,-6093.0,241.3,3.22,7.37,0
80500,161.0,-6298.66,234.09,-6064.57,273.3,2.855,7.173,0
81000,162.0,-6289.04,294.75,-5994.29,344.2,3.023,7.313,0
81500,163.0,-6255.43,288.08,-5967.34,336.4,2.541,7.774,0
82000,164.0,-6265.22,302.03,-5963.19,352.7,2.238,7.655,0
82500,165.0,-6300.1,302.87,-5997.23,353.7,2.895,7.531,0
83000,166.0,-6279.97,266.94,-6013.02,311.7,2.812,7.797,0
83500,167.0,-6286.94,248.55,-6038.38,290.2,2.668,7.942,0
84000,168.0,-6202.06,265.85,-5936.21,310.4,2.893,7.928,0
84500,169.0,-6264.96,253.6,-6011.37,296.1,3.042,7.646,0
85000,170.0,-6265.17,269.98,-5995.19,315.3,3.177,7.842,0
85500,171.0,-6253.55,273.46,-5980.09,319.3,2.759,7.652,0
86000,172.0,-6287.14,329.1,-5958.04,384.3,2.241,7.743,0
86500,173.0,-6310.01,270.74,-6039.26,316.1,2.641,7.729,0
87000,174.0,-6248.37,288.95,-5959.42,337.4,2.928,7.692,0
87500,175.0,-6239.31,236.1,-6003.21,275.7,2.775,7.808,0
88000,176.0,-6291.5,256.26,-6035.24,299.2,2.702,7.846,0
88500,177.0,-6297.91,284.49,-6013.43,332.2,2.861,7.803,0
89000,178.0,-6298.42,271.46,-6026.96,317.0,2.796,7.983,0
89500,179.0,-6318.85,255.96,-6062.9,298.9,2.7,7.894,0
90000,180.0,-6302.86,255.57,-6047.29,298.4,2.785,7.773,0
90500,181.0,-6308.21,296.23,-6011.98,345.9,2.917,7.748,0
91000,182.0,-6294.93,272.22,-6022.71,317.9,2.911,7.733,0
91500,183.0,-6279.3,237.64,-6041.67,277.5,2.88,7.8,0
92000,184.0,-6310.97,295.93,-6015.05,345.6,3.403,7.512,0
92500,185.0,-6228.62,271.96,-5956.66,317.6,3.835,7.187,0
93000,186.0,-6251.58,301.73,-5949.85,352.3,3.679,7.319,0
93500,187.0,-6295.72,255.91,-6039.81,298.8,3.297,7.616,0
94000,188.0,-6278.75,244.95,-6033.8,286.0,2.676,7.583,0
94500,189.0,-6289.71,265.49,-6024.22,310.0,2.577,7.957,0
95000,190.0,-6318.54,268.45,-6050.08,313.5,2.74,7.665,0
95500,191.0,-6270.66,268.42,-6002.23,313.4,2.631,8.021,0
96000,192.0,-6272.62,273.06,-5999.56,318.9,2.402,7.692,0
96500,193.0,-6280.47,304.78,-5975.69,355.9,2.824,7.995,0
97000,194.0,-6240.57,246.35,-5994.22,287.7,2.557,7.641,0
97500,195.0,-6319.23,257.8,-6061.43,301.0,2.687,7.902,0
98000,196.0,-6287.39,237.94,-6049.45,277.8,2.91,7.727,0
98500,197.0,-6255.9,237.52,-6018.38,277.4,3.315,7.183,0
99000,198.0,-6264.19,271.15,-5993.04,316.6,3.461,7.51,0
99500,199.0,-6285.64,218.96,-6066.68,255.7,3.444,7.54,0
100000,200.0,-6262.4,253.89,-6008.5,296.5,3.229,7.668,0
100500,201.0,-6243.25,268.21,-5975.03,313.2,3.391,7.229,0
101000,202.0,-6290.08,256.91,-6033.18,300.0,3.891,7.237,0
101500,203.0,-6256.89,273.81,-5983.08,319.7,3.979,6.438,0
102000,204.0,-6258.69,238.37,-6020.32,278.3,4.445,6.395,0
102500,205.0,-6261.72,271.63,-5990.09,317.2,4.568,6.063,0
103000,206.0,-6271.88,266.04,-6005.84,310.7,4.808,5.835,0
103500,207.0,-6295.09,261.27,-6033.82,305.1,4.524,5.939,0
104000,208.0,-6291.11,218.59,-6072.51,255.3,4.407,5.966,0
104500,209.0,-6315.16,266.81,-6048.35,311.6,4.155,6.305,0
105000,210.0,-6306.33,235.07,-6071.26,274.5,4.315,6.39,0
