epoch,E_hartree,var_EL,acceptance,mc_step,grad_norm,lr,elapsed_s
1,-0.9654929166016526,0.21382802305272444,0.5352783203125,0.5323062499999999,0.14158854821693426,0.004999976081356013,1.0736312866210938
2,-0.9739229117970449,0.2053204534773489,0.531494140625,0.5323062499999999,0.11904914569120126,0.004999904325905819,2.0986745357513428
3,-0.9903302315287044,0.12677193682447213,0.535400390625,0.5323062499999999,0.10053110583666086,0.00499978473509472,3.1165976524353027
4,-0.9718195702279855,0.19230864590972246,0.53564453125,0.5323062499999999,0.12868896430826712,0.004999617311331514,4.100626707077026
5,-0.9646927421468887,0.22815953384010013,0.516357421875,0.5323062499999999,0.1579397151887797,0.004999402057988454,5.087693691253662
6,-0.9663458056524006,0.2773752936383746,0.53662109375,0.5323062499999999,0.16467791568739049,0.004999138979401177,6.137696266174316
7,-0.9715178972371024,0.27587427950548843,0.537841796875,0.5323062499999999,0.15471648940453822,0.004998828080868614,7.2475738525390625
8,-0.9867405881015547,0.1952426337297605,0.527099609375,0.5323062499999999,0.1181594627421159,0.00499846936865289,8.19544792175293
9,-0.9829326904249218,0.16531992210508759,0.5284423828125,0.5323062499999999,0.0871671172559103,0.004998062849979191,9.135497093200684
10,-0.9854661626461565,0.14022868527732535,0.5430908203125,0.5323062499999999,0.08761751664408965,0.004997608533035624,10.031941413879395
11,-0.977536756411201,0.20694329374404957,0.5245361328125,0.5323062499999999,0.1489184524475482,0.0049971064269730475,10.993486881256104
12,-0.9793190580050184,0.2024659395838116,0.527587890625,0.5323062499999999,0.12813010727049517,0.004996556541904889,11.954984426498413
13,-0.9693127411742792,0.25944668457170517,0.532958984375,0.5323062499999999,0.15289411140522552,0.004995958888906943,12.88721227645874
14,-0.9909339663229102,0.17513287282613252,0.533447265625,0.5323062499999999,0.10028051355842091,0.004995313480017146,13.863976240158081
15,-0.9841679521300788,0.17393676932408034,0.5272216796875,0.5323062499999999,0.1120041109701857,0.004994620328235335,14.807206869125366
16,-0.9872097669263997,0.17839887664923196,0.5284423828125,0.5323062499999999,0.12188999434140176,0.004993879447522983,15.790643453598022
17,-0.9809228994682364,0.14251050793945566,0.5281982421875,0.5323062499999999,0.11699964253393585,0.004993090852802921,16.72963285446167
18,-0.9644503378244547,0.2153822555895785,0.5211181640625,0.5323062499999999,0.14824196605081918,0.004992254559959036,17.673279523849487
19,-0.9888346536574675,0.15270927792081074,0.5269775390625,0.5323062499999999,0.09568195843246308,0.004991370585835955,18.605815649032593
20,-0.9916424461232132,0.16878138574782053,0.5250244140625,0.5323062499999999,0.10687622690210803,0.004990438948238695,19.584391355514526
21,-0.986672990154742,0.15445693927894233,0.531494140625,0.5323062499999999,0.09189431934563153,0.004989459665932317,20.495442628860474
22,-0.9762908822262681,0.15810399583722665,0.52880859375,0.5323062499999999,0.11505152398635332,0.004988432758641541,21.527602195739746
23,-1.0031729544260015,0.09846817217867726,0.5245361328125,0.5323062499999999,0.06489416993790595,0.0049873582470503506,22.540947914123535
24,-0.9781242451715941,0.11835268816265666,0.5294189453125,0.5323062499999999,0.10587879195342424,0.004986236152801574,23.562698364257812
25,-0.9863715836397438,0.12831468974956992,0.5286865234375,0.5323062499999999,0.08837937077763572,0.004985066498496453,24.682097911834717
26,-0.9820515675288619,0.1791097531956595,0.5284423828125,0.5323062499999999,0.12174231451569473,0.004983849307694182,25.606643438339233
27,-0.9820966056935108,0.13700263099249116,0.5272216796875,0.5323062499999999,0.10642457788952253,0.004982584604911438,26.5396568775177
28,-0.9971173252466048,0.1275975337158289,0.527099609375,0.5323062499999999,0.0892153584255772,0.004981272415621886,27.44727873802185
29,-0.9848103035237161,0.12138231336988871,0.5277099609375,0.5323062499999999,0.09313389492573196,0.004979912766255662,28.415518760681152
30,-0.9916525519835186,0.10093164777745517,0.5269775390625,0.5323062499999999,0.07240851013837439,0.004978505684198846,29.339572429656982
31,-0.9989843354377754,0.09822411722743199,0.530029296875,0.5323062499999999,0.08615988357219835,0.004977051197792908,30.335204601287842
32,-0.9870225863909461,0.11568724789154913,0.515869140625,0.5323062499999999,0.09017112807930494,0.004975549336334133,31.38357186317444
33,-0.9849006634900292,0.146833420075916,0.5333251953125,0.5323062499999999,0.12100013892414951,0.004974000130073044,32.48561930656433
34,-0.9786184111460927,0.156123222311662,0.5185546875,0.5323062499999999,0.13298826964206512,0.004972403610213774,33.609079122543335
35,-0.9931013032973772,0.140611762635394,0.5262451171875,0.5323062499999999,0.09452306056972033,0.004970759808913453,34.63194298744202
36,-0.9926925863581684,0.11778902233983106,0.5264892578125,0.5323062499999999,0.10101147015633265,0.004969068759281553,35.693570375442505
37,-0.9973080918180639,0.12978778422254997,0.522216796875,0.5323062499999999,0.0802610689339885,0.004967330495379223,36.720691442489624
38,-1.000133470020259,0.08384043864395305,0.5235595703125,0.5323062499999999,0.07682540970580076,0.004965545052218602,37.708760261535645
39,-0.9869218083697682,0.10948201375003057,0.5224609375,0.5323062499999999,0.07383643378972947,0.004963712465762114,38.66932654380798
40,-1.0013295473790662,0.0839379508788312,0.5198974609375,0.5323062499999999,0.0547373402652199,0.004961832772921746,39.61654090881348
41,-0.9896469836479345,0.08422548937875476,0.5252685546875,0.5323062499999999,0.06497024265443618,0.0049599060115583,40.635185956954956
42,-1.0070619007871913,0.0639614813880748,0.52587890625,0.5323062499999999,0.04843248272008126,0.004957932220480636,41.59831213951111
43,-1.011905567794099,0.04873060046926005,0.517822265625,0.5323062499999999,0.0368791252214609,0.004955911439444884,42.61096405982971
44,-1.0044151624593285,0.061953985230590335,0.513916015625,0.5323062499999999,0.04691881511397719,0.0049538437091536484,43.6337833404541
45,-1.0023903572369028,0.056258913638610415,0.5233154296875,0.5323062499999999,0.05614994751187004,0.004951729071255185,44.59577131271362
46,-0.9884446623922745,0.08858793454647723,0.516845703125,0.5323062499999999,0.06659188290259979,0.004949567568342566,45.60279893875122
47,-1.000477977564877,0.07682281400951396,0.52685546875,0.5323062499999999,0.05349789606997854,0.0049473592439528155,46.59408712387085
48,-1.002840294467656,0.07310407702694184,0.5181884765625,0.5323062499999999,0.04932111214063972,0.004945104142566039,47.55881905555725
49,-1.0068097510262253,0.05257124977310389,0.5181884765625,0.5323062499999999,0.04669660901971948,0.0049428023096045265,48.593844175338745
50,-0.995706628037639,0.05211876885366296,0.511474609375,0.5323062499999999,0.05199809675878837,0.004940453791431832,49.607168674468994
51,-1.0042117759219167,0.046870295388661186,0.522705078125,0.5323062499999999,0.036713664955347315,0.004938058635351849,50.66560387611389
52,-0.9983011425759873,0.08470069304992828,0.51806640625,0.5323062499999999,0.05022782821306632,0.004935616889607846,51.63054060935974
53,-1.0100666854092046,0.049940696283443976,0.5123291015625,0.5323062499999999,0.033071732921644864,0.004933128603381506,52.51912808418274
54,-1.0094257483537108,0.04921260506608819,0.5120849609375,0.5323062499999999,0.02768594970424695,0.004930593826791932,53.49103927612305
55,-1.0066373977710834,0.06416734686541928,0.51708984375,0.5323062499999999,0.03536552408210314,0.0049280126108946325,54.43677592277527
56,-1.0071923502160063,0.04812017609210115,0.512939453125,0.5323062499999999,0.060905302558542304,0.0049253850076805,55.393431663513184
57,-1.0015342366471771,0.07472395892540501,0.5184326171875,0.5323062499999999,0.06878706891811762,0.004922711070074761,56.34422206878662
58,-1.0028315732260225,0.07505322405800735,0.5137939453125,0.5323062499999999,0.07189494017627163,0.004919990851935909,57.35404086112976
59,-1.00698329836736,0.05807217818685097,0.5047607421875,0.5323062499999999,0.06508504721346793,0.004917224408054621,58.334121227264404
60,-1.0052303646495986,0.04080419783355974,0.52099609375,0.5323062499999999,0.03278751987097127,0.004914411794152653,59.315707206726074
61,-1.0126986632234596,0.053454484874051404,0.5029296875,0.5323062499999999,0.055230131159500886,0.0049115530668817214,60.24803352355957
62,-1.0120114044033999,0.06064692599859337,0.506591796875,0.5323062499999999,0.06885080148238815,0.004908648283822355,61.23586583137512
63,-1.0030322882809979,0.05255567991910963,0.50537109375,0.5323062499999999,0.047522065720989055,0.004905697503482741,62.17230296134949
64,-1.0093785559044761,0.05731383415968459,0.5155029296875,0.5323062499999999,0.03549616541168617,0.004902700785297545,63.15566420555115
65,-1.0022755549624907,0.053775327058127154,0.51611328125,0.5323062499999999,0.058546644180493185,0.004899658189626711,64.10226583480835
66,-1.000722624496239,0.04657452177291033,0.519287109375,0.5323062499999999,0.061912956962568017,0.004896569777754251,65.01741623878479
67,-1.0099415227979744,0.03660275304721895,0.512451171875,0.5323062499999999,0.04215360327877292,0.004893435611887005,66.02709627151489
68,-1.0142161408225838,0.0360221015905136,0.5137939453125,0.5323062499999999,0.029197924286576207,0.004890255755153394,66.98430275917053
69,-1.0045898147514765,0.044297695576775806,0.51904296875,0.5323062499999999,0.062086957793457936,0.0048870302716021415,67.90028548240662
70,-0.9923619434770683,0.07010361458196965,0.5042724609375,0.5323062499999999,0.0534234341077406,0.00488375922620099,68.86511540412903
71,-1.0023188186300593,0.05176903627438669,0.5096435546875,0.5323062499999999,0.045229378337331705,0.004880442684835387,69.86619853973389
72,-1.0117943177224715,0.031182127094606705,0.512451171875,0.5323062499999999,0.022486160459791335,0.004877080714307163,70.8339958190918
73,-1.0092131238922568,0.02875983003058467,0.500244140625,0.5323062499999999,0.024380826274851563,0.004873673382333181,71.79329800605774
74,-1.0060935461995528,0.035523889420589684,0.505859375,0.5323062499999999,0.043994810269154146,0.004870220757543976,72.81903672218323
75,-1.0093737735148895,0.026285845407117044,0.509521484375,0.5323062499999999,0.021568508665027752,0.0048667229094823735,73.84665703773499
76,-1.0054902894075601,0.0370137693664554,0.5067138671875,0.5323062499999999,0.03307417171722659,0.004863179908602084,74.78270506858826
77,-1.004828277680998,0.031914044856237445,0.5096435546875,0.5323062499999999,0.023748968329471976,0.004859591826266286,75.62896132469177
78,-1.0097194076032199,0.030472603212986532,0.501220703125,0.5323062499999999,0.02088990414623873,0.004855958734746194,76.56277275085449
79,-1.0029575575045964,0.038826982766079834,0.5023193359375,0.5323062499999999,0.03839886482290255,0.004852280707219595,77.49129009246826
80,-1.003756130604461,0.033883505881838326,0.5069580078125,0.5323062499999999,0.05220623376252448,0.004848557817769376,78.31049942970276
81,-1.0117958159591525,0.03540988216983386,0.5125732421875,0.5323062499999999,0.028131444822647404,0.004844790141382039,79.07940554618835
82,-1.015715686736449,0.04290090290917233,0.4951171875,0.5323062499999999,0.031003706709962966,0.0048409777539461804,79.8284866809845
83,-1.0046972325332049,0.03592844346153931,0.5059814453125,0.5323062499999999,0.05970525319814158,0.004837120732250969,80.59729170799255
84,-1.0059021958022607,0.029780365144547797,0.5054931640625,0.5323062499999999,0.03211281182590444,0.004833219153984597,81.35972905158997
85,-1.0090446997320404,0.02678650508637393,0.501708984375,0.5323062499999999,0.03758360730026629,0.004829273097732718,82.03294682502747
86,-1.009134316656728,0.021427033518867985,0.524658203125,0.5323062499999999,0.03192433179728138,0.004825282642976859,82.71162557601929
87,-1.0098857000455106,0.030182895498974023,0.501220703125,0.5323062499999999,0.03559187162915688,0.004821247870092822,83.57266449928284
88,-1.0003218616188347,0.04136551714460618,0.511962890625,0.5323062499999999,0.04610112756195224,0.00481716886034907,84.32441592216492
89,-1.0129135414015296,0.03277614463538765,0.502685546875,0.5323062499999999,0.0467132214237113,0.004813045695905079,85.0821704864502
90,-1.0147774424082738,0.025263369082148254,0.50244140625,0.5323062499999999,0.030788229839336545,0.004808878459809696,85.88952302932739
91,-1.0135867714174362,0.028769267462470407,0.507080078125,0.5323062499999999,0.05293932524595939,0.0048046672359994555,86.71360802650452
92,-1.017503601599128,0.0272022856173175,0.5062255859375,0.5323062499999999,0.0662329243118111,0.004800412109296896,87.41175389289856
93,-1.0091277317810745,0.03642436548563167,0.5050048828125,0.5323062499999999,0.03488314543287652,0.0047961131654088475,88.14070892333984
94,-1.010307663845337,0.02135323630248982,0.5084228515625,0.5323062499999999,0.04680487606744292,0.004791770490924705,88.90981554985046
95,-1.006587093897847,0.02354435499081753,0.51953125,0.5323062499999999,0.0598596237425143,0.0047873841733146886,89.69976925849915
96,-1.0102015744441908,0.022830465824437495,0.50244140625,0.5323062499999999,0.026627608883275915,0.0047829543009280774,90.46856164932251
97,-1.0115245728599604,0.020558559480803696,0.5020751953125,0.5323062499999999,0.015957326021673067,0.004778480962991432,91.2145082950592
98,-1.0072539152583209,0.028854394542241344,0.496826171875,0.5323062499999999,0.018917488532756866,0.004773964249606797,91.97151374816895
99,-1.0150146109690565,0.02665359489824776,0.50927734375,0.5323062499999999,0.06339769391650911,0.0047694042517498845,92.71753883361816
100,-1.011842662379287,0.03667957661163034,0.4967041015625,0.5323062499999999,0.041923469428104945,0.004764801061268246,93.5243010520935
101,-1.0100804173790574,0.026895252102264126,0.5047607421875,0.5323062499999999,0.024650625492673314,0.004760154770879417,94.27562737464905
102,-1.0180847131501087,0.028212917030090802,0.50439453125,0.5323062499999999,0.05604712262262004,0.004755465474169052,95.00976324081421
103,-1.0111467770085252,0.026131241542409644,0.4942626953125,0.5323062499999999,0.03604768211087243,0.00475073326558904,95.85863709449768
104,-1.0143702102464496,0.025588052547791146,0.5098876953125,0.5323062499999999,0.026990194534174675,0.004745958240455604,96.66135954856873
105,-1.0106070980959512,0.02178313712725956,0.495849609375,0.5323062499999999,0.030969728326146907,0.004741140494947374,97.33660840988159
106,-1.015802103143583,0.0204529430826197,0.4971923828125,0.5323062499999999,0.03205577121063729,0.00473628012610346,98.0041835308075
107,-1.0157700712388082,0.022517737601039145,0.5081787109375,0.5323062499999999,0.021595444157844815,0.004731377231821487,98.87463784217834
108,-1.0156979885157789,0.01971858875980378,0.4990234375,0.5323062499999999,0.02680236882753129,0.00472643191085563,99.64598321914673
109,-1.0133949945973524,0.022318085315931553,0.5028076171875,0.5323062499999999,0.024404217758506385,0.004721444262814624,100.54453778266907
110,-1.0113206367123864,0.01742434422738677,0.5050048828125,0.5323062499999999,0.019984898628224817,0.004716414388159755,101.42549276351929
111,-1.009813074126152,0.018726532814200766,0.50146484375,0.5323062499999999,0.01530969701586983,0.004711342388202838,102.1996898651123
112,-1.012553704882297,0.020211355559175827,0.49609375,0.5323062499999999,0.024660811339568066,0.0047062283651041785,103.01274037361145
113,-1.0148670350480233,0.015206762723299638,0.5045166015625,0.5323062499999999,0.025725699812908613,0.0047010724218705105,103.85923790931702
114,-1.0118823604012173,0.019111204972172786,0.50146484375,0.5323062499999999,0.02284867868284631,0.004695874662352926,104.6807508468628
115,-1.011461484626504,0.019642174457093407,0.5035400390625,0.5323062499999999,0.017744263104048346,0.00469063519124478,105.5525176525116
116,-1.0164531311908311,0.018031066662529852,0.490478515625,0.5323062499999999,0.01332472699089133,0.004685354114079583,106.41253972053528
117,-1.0157845146478564,0.01571630521992919,0.4974365234375,0.5323062499999999,0.02353627956432133,0.004680031537228875,107.23422408103943
118,-1.0184709576890585,0.019108475882652028,0.498046875,0.5323062499999999,0.01966519778658939,0.004674667567900085,108.07017731666565
119,-1.011962406978631,0.01649511722421367,0.504638671875,0.5323062499999999,0.025010606355242063,0.00466926231413437,108.88735222816467
120,-1.0125254748314714,0.017206859218088004,0.494873046875,0.5323062499999999,0.024793929336114913,0.004663815884804436,109.70123744010925
121,-1.0119012548120534,0.01800012846265006,0.4993896484375,0.5323062499999999,0.026868085025810253,0.004658328389612351,110.53145051002502
122,-1.0144901537197577,0.01757091084911083,0.496337890625,0.5323062499999999,0.023876550663786734,0.00465279993908733,111.35689520835876
123,-1.0159875445325475,0.023301345430540306,0.5008544921875,0.5323062499999999,0.024335870794228134,0.004647230644583511,112.3656747341156
124,-1.0189932343114423,0.023512052613298612,0.51171875,0.5323062499999999,0.03681676618784889,0.0046416206182777146,113.32151794433594
125,-1.0109779429495156,0.025125774919654453,0.5006103515625,0.5323062499999999,0.03182535782657356,0.004635969973167179,114.23636198043823
126,-1.0158160245118817,0.020155754828966362,0.5018310546875,0.5323062499999999,0.040706265192665396,0.00463027882306729,115.11344337463379
127,-1.0095428897828362,0.015422572356476106,0.4976806640625,0.5323062499999999,0.026225893302284215,0.004624547282609284,116.02382707595825
128,-1.015440098569461,0.02132578469492727,0.5037841796875,0.5323062499999999,0.03972309825326059,0.004618775467237938,116.89296412467957
129,-1.0169631945129898,0.019885538663143267,0.501708984375,0.5323062499999999,0.031400621184585996,0.0046129634932092515,117.77669310569763
130,-1.0140666487096461,0.01697854071700874,0.5003662109375,0.5323062499999999,0.03027649875398632,0.004607111477588098,118.6673173904419
131,-1.014036686183388,0.01754858839451458,0.4984130859375,0.5323062499999999,0.012369592627004251,0.00460121953824587,119.48979687690735
132,-1.0137770884984627,0.02079860694763897,0.4991455078125,0.5323062499999999,0.02875117474239154,0.004595287793858103,120.36639952659607
133,-1.0109172463416547,0.02904163876208675,0.5098876953125,0.5323062499999999,0.04768825883455618,0.0045893163639020886,121.31846475601196
134,-1.0120812703451012,0.018039072115132105,0.498291015625,0.5323062499999999,0.0275848547701941,0.004583305368654464,122.1720871925354
135,-1.0121212136667554,0.020162639286849846,0.50390625,0.5323062499999999,0.021441835552888342,0.00457725492918879,123.00511837005615
136,-1.0094054638902783,0.018569788203770414,0.49169921875,0.5323062499999999,0.026946321750831618,0.004571165167373117,123.91845488548279
137,-1.007655816006317,0.02264246622865279,0.4942626953125,0.5323062499999999,0.05359440632037705,0.004565036205867525,124.7603452205658
138,-1.014719276365027,0.014361093746226681,0.4981689453125,0.5323062499999999,0.018431466775866222,0.0045588681681216535,125.6110954284668
139,-1.0179107279428268,0.020612378093692894,0.495849609375,0.5323062499999999,0.01811566111036168,0.0045526611783722176,126.49011087417603
140,-1.0155737293723783,0.019060117571888854,0.5125732421875,0.5323062499999999,0.05149728922037666,0.004546415361640504,127.33187460899353
141,-1.0146773854247224,0.0251769034611116,0.5006103515625,0.5323062499999999,0.04387067642204453,0.004540130843729853,128.18525290489197
142,-1.0135061402684253,0.01641905415365324,0.5078125,0.5323062499999999,0.027456756559810874,0.004533807751223126,129.09104180335999
143,-1.0127627751221853,0.022015472827662523,0.5018310546875,0.5323062499999999,0.03531033618079495,0.004527446211480154,129.91352224349976
144,-1.0120173111982549,0.01253020876231482,0.5042724609375,0.5323062499999999,0.021659924209656456,0.00452104635263517,130.81578373908997
145,-1.0089295141402461,0.012419725674633522,0.5072021484375,0.5323062499999999,0.023144843726575173,0.004514608303594234,131.7524311542511
146,-1.0109817121700608,0.01372942850088804,0.5018310546875,0.5323062499999999,0.026312670527166335,0.004508132194032633,132.58136320114136
147,-1.015017432188755,0.014164696451773625,0.5108642578125,0.5323062499999999,0.025133136301367806,0.004501618154392269,133.4670627117157
148,-1.0190197299751487,0.013518657145631831,0.500732421875,0.5323062499999999,0.03124455551033122,0.004495066315879033,134.320378780365
149,-1.0191725171484847,0.018543648111214773,0.5072021484375,0.5323062499999999,0.0319628732323559,0.00448847681046016,135.22324776649475
150,-1.013852597278927,0.01368369339632312,0.5064697265625,0.5323062499999999,0.023775078986392154,0.0044818497708615755,136.12203097343445
151,-1.0136747311896526,0.01975771936681023,0.5152587890625,0.5323062499999999,0.015467265408480204,0.0044751853305652145,137.0047640800476
152,-1.0125318359493174,0.012746424100268909,0.5006103515625,0.5323062499999999,0.026226927872848756,0.004468483623806342,137.94198203086853
153,-1.01612890495017,0.012691245678587437,0.4986572265625,0.5323062499999999,0.025239898570864158,0.004461744785570843,138.84215092658997
154,-1.0116985109511376,0.020147108200300724,0.5067138671875,0.5323062499999999,0.01959917167357324,0.004454968951592503,139.75248408317566
155,-1.0149552529745183,0.016688099726242762,0.5010986328125,0.5323062499999999,0.028456939636879952,0.0044481562583502795,140.69452667236328
156,-1.0163143832943327,0.014787270925948368,0.5,0.5323062499999999,0.031283154833988656,0.0044413068430655496,141.63899850845337
157,-1.0126204339089022,0.01977327107383527,0.4974365234375,0.5323062499999999,0.015029760408643462,0.0044344208436993444,142.5334029197693
158,-1.0114634305307768,0.012565176532325828,0.49462890625,0.5323062499999999,0.02372948807852818,0.004427498398949572,143.37802362442017
159,-1.0085826308004353,0.03944146278975436,0.495849609375,0.5323062499999999,0.01843511380943178,0.004420539648248229,144.20256686210632
160,-1.0178439082807238,0.3073971072797158,0.48779296875,0.5323062499999999,0.054354367239491844,0.00441354473175858,145.10279083251953
161,-1.0079644364396598,0.019873616312321273,0.4945068359375,0.5323062499999999,0.014476459279863931,0.004406513790372346,146.02508234977722
162,-1.0117554325675195,0.05679684607141921,0.495849609375,0.5323062499999999,0.04022689324716872,0.0043994469657068595,146.9658477306366
163,-1.005530854995766,0.022603025594140548,0.496826171875,0.5323062499999999,0.026121111407247877,0.004392344400102217,147.88847637176514
164,-1.0083279850270257,0.021412750372231833,0.5028076171875,0.5323062499999999,0.02975186664409921,0.00438520623661841,148.90121984481812
165,-1.0050295344491893,0.01247430792537739,0.48046875,0.5323062499999999,0.02254917986113639,0.004378032619032439,149.74270129203796
166,-1.0070264148235357,0.010488697613729447,0.4918212890625,0.5323062499999999,0.01952467120949249,0.004370823691835423,150.66596269607544
167,-1.0124601869491894,0.012199369823581403,0.497314453125,0.5323062499999999,0.019608934207180823,0.0043635796002296934,151.51871013641357
168,-1.0094454689620171,0.017510457639195558,0.51318359375,0.5323062499999999,0.016018679672494946,0.004356300490125856,152.30561923980713
169,-1.0129315957996388,0.01865274644339515,0.5062255859375,0.5323062499999999,0.0216765762286468,0.004348986508139864,153.08292174339294
170,-1.0054799579580305,0.01832762701533763,0.498291015625,0.5323062499999999,0.02129640968632431,0.004341637801590059,153.82977080345154
171,-1.014593671164001,0.015406806023677071,0.5010986328125,0.5323062499999999,0.02161151616048606,0.004334254518494206,154.55050563812256
172,-1.0086336524892974,0.013862357016621463,0.4898681640625,0.5323062499999999,0.017948336243484877,0.004326836807566512,155.37993669509888
173,-1.009885355630462,0.013061395892689683,0.49462890625,0.5323062499999999,0.033196311875212936,0.004319384818214626,156.15728902816772
174,-1.0089070433776974,0.019661611343384837,0.5118408203125,0.5323062499999999,0.018967377988841835,0.00431189870053664,156.96824550628662
175,-1.0153998372787418,0.01356083414655472,0.5009765625,0.5323062499999999,0.02861399376609623,0.0043043786053180546,157.74374222755432
176,-1.029005013366937,0.3300578806015672,0.50146484375,0.5323062499999999,0.09508960147056833,0.004296824684028748,158.55270385742188
177,-1.008653681817823,0.013826372501589596,0.49755859375,0.5323062499999999,0.018817515961664408,0.004289237088819924,159.39805722236633
178,-1.019655931962137,0.16759787328621703,0.4979248046875,0.5323062499999999,0.05719443941316892,0.004281615972521047,160.2152771949768
179,-1.0163848776713829,0.014484091879858397,0.5029296875,0.5323062499999999,0.06168741849349189,0.004273961488636763,161.02936005592346
180,-1.0137962061046601,0.015515927256473664,0.498046875,0.5323062499999999,0.019058214798314974,0.004266273791343808,161.8959140777588
181,-1.0181502030782141,0.025699285633303644,0.50048828125,0.5323062499999999,0.025324763999314926,0.004258553035487904,162.7150011062622
182,-1.0157328947082016,0.022621344760857393,0.504150390625,0.5323062499999999,0.020000462367767334,0.00425079937658064,163.52871775627136
183,-1.0195596213445612,0.011427959804678126,0.48974609375,0.5323062499999999,0.021528127490381015,0.004243012970796337,164.31596660614014
184,-1.0095193552316342,0.011101948881719097,0.4976806640625,0.5323062499999999,0.015815070597687424,0.004235193974968904,165.09085536003113
185,-1.0123445741393964,0.014134082603531427,0.5010986328125,0.5323062499999999,0.013468031365864512,0.004227342546588682,165.8760540485382
186,-1.0149598624514233,0.014333477537067079,0.4984130859375,0.5323062499999999,0.011520020716370098,0.0042194588437992646,166.68195009231567
187,-1.0156594016463818,0.014088385174575647,0.506103515625,0.5323062499999999,0.022753946401547317,0.00421154302539432,167.4983413219452
188,-1.0176406720563036,0.012777239712564479,0.5025634765625,0.5323062499999999,0.03286152945797437,0.004203595250814391,168.22549390792847
189,-1.0145204440518238,0.01670853648025451,0.500244140625,0.5323062499999999,0.01664892079516728,0.004195615680143678,169.01374626159668
190,-1.014242317142871,0.013557076679086151,0.4915771484375,0.5323062499999999,0.015662235980284024,0.0041876044741068225,169.78343629837036
191,-1.0141696171598977,0.010166175462689263,0.5068359375,0.5323062499999999,0.029853623541809357,0.004179561794065665,170.5461323261261
192,-1.0087668715396496,0.02728238866059313,0.497314453125,0.5323062499999999,0.03374827581333143,0.0041714878020159924,171.34823989868164
193,-1.011523236653176,0.013293861130363774,0.497314453125,0.5323062499999999,0.017890846267116078,0.0041633826605842845,172.15314030647278
194,-1.0181695287338948,0.01382431341839502,0.5032958984375,0.5323062499999999,0.020460485295016425,0.00415524653302443,172.94420504570007
195,-1.0126977456086517,0.017702157096496324,0.50146484375,0.5323062499999999,0.04082736887567447,0.004147079583214437,173.7463722229004
196,-1.0141876568242003,0.010856568561361725,0.514404296875,0.5323062499999999,0.03450537431136015,0.004138881975653143,174.53521585464478
197,-1.0159401114008129,0.01167583187551503,0.5079345703125,0.5323062499999999,0.010358981628181246,0.004130653875456889,175.34388756752014
198,-1.0127525383795943,0.01448766024335673,0.508056640625,0.5323062499999999,0.032467638137993235,0.0041223954483561994,176.1448938846588
199,-1.0145078929725542,0.009507468826387375,0.5155029296875,0.5323062499999999,0.027734847217248962,0.004114106860692447,176.8873200416565
200,-1.0169321173740118,0.014039921865499825,0.514404296875,0.5323062499999999,0.02558994975841922,0.004105788279414497,177.65651607513428
201,-1.0160844786163385,0.01046858714097916,0.512939453125,0.5323062499999999,0.017497716288000616,0.004097439872075345,178.45738983154297
202,-1.0140784033204282,0.008106887031546448,0.5035400390625,0.5323062499999999,0.019182620429676507,0.004089061806828745,179.25538635253906
203,-1.0158221972738783,0.01045981454244733,0.5069580078125,0.5323062499999999,0.023416713997921362,0.004080654252425823,180.0183641910553
204,-1.0131331223746507,0.008978079932578256,0.5152587890625,0.5323062499999999,0.017069759473710748,0.004072217378211672,180.80578899383545
205,-1.0148639932576584,0.010579137284773952,0.500244140625,0.5323062499999999,0.02252055704164263,0.00406375135412195,181.60807013511658
206,-1.0169960208964857,0.009867667379277646,0.497314453125,0.5323062499999999,0.02014043244749684,0.004055256350679447,182.38227534294128
207,-1.0150092744383175,0.008162308869947713,0.5068359375,0.5323062499999999,0.0186252693476842,0.00404673253899066,183.1566789150238
208,-1.0132602536220345,0.010751191838828849,0.5113525390625,0.5323062499999999,0.02150913595146432,0.00403818009074234,183.94940733909607
209,-1.0174620973816193,0.013050885869789532,0.50927734375,0.5323062499999999,0.02861323039295946,0.0040295991781980345,184.79315280914307
210,-1.0136156943591925,0.008514089657001601,0.505859375,0.5323062499999999,0.009091693821982383,0.004020989974194624,185.5655481815338
211,-1.0150282691434884,0.008934774049632126,0.499267578125,0.5323062499999999,0.016897799174694136,0.004012352652138832,186.34551763534546
212,-1.0173569998780665,0.01530645198950296,0.4947509765625,0.5323062499999999,0.02992655768470095,0.004003687386003737,187.12145042419434
213,-1.016452095919695,0.008823999830452239,0.5042724609375,0.5323062499999999,0.026438050827866322,0.003994994350325269,187.89641976356506
214,-1.015322318084593,0.007565488151379792,0.505859375,0.5323062499999999,0.012381506326098015,0.00398627372019869,188.66135025024414
215,-1.0132666835169177,0.014807851160237891,0.5057373046875,0.5323062499999999,0.021836544733091746,0.003977525671275073,189.46497774124146
216,-1.0153589995974253,0.012925312644117963,0.494140625,0.5323062499999999,0.02733015124012105,0.003968750379757759,190.31657600402832
217,-1.012352305267171,0.011153784954244541,0.4915771484375,0.5323062499999999,0.028667180995233656,0.00395994802239881,191.0778796672821
218,-1.012775931644453,0.01048033123685933,0.5050048828125,0.5323062499999999,0.013999778693084419,0.003951118776495448,191.88190364837646
219,-1.0165315828580859,0.014061653950970466,0.4970703125,0.5323062499999999,0.03625993228363697,0.003942262819886485,192.64910054206848
220,-1.0148403261001702,0.009714892206456483,0.4964599609375,0.5323062499999999,0.029006534290491385,0.003933380330948743,193.5438346862793
221,-1.016188833453309,0.012566249930683037,0.498779296875,0.5323062499999999,0.020511626550689013,0.003924471488593453,194.35297107696533
222,-1.0171972137504854,0.00948544995090636,0.498046875,0.5323062499999999,0.02161000460246863,0.003915536472262662,195.18552803993225
223,-1.0173904723543457,0.010653778454755469,0.5037841796875,0.5323062499999999,0.03201774733254733,0.003906575461925612,195.96064686775208
224,-1.0169281157604766,0.00790741115767942,0.5037841796875,0.5323062499999999,0.018394314041876754,0.0038975886380751158,196.73462390899658
225,-1.0167721952404545,0.008032940416205019,0.4923095703125,0.5323062499999999,0.010612386914516278,0.0038885761817239227,197.50916981697083
226,-1.0142672336311387,0.008351552116227573,0.50146484375,0.5323062499999999,0.01370983221566449,0.003879538274401074,198.29162740707397
227,-1.0148847879528295,0.009953750153651006,0.503173828125,0.5323062499999999,0.01199758430778042,0.003870475098148242,199.06602096557617
228,-1.0167180371599507,0.009578137776137044,0.5025634765625,0.5323062499999999,0.02243844669330149,0.003861386835516069,199.8458709716797
229,-1.017754222245397,0.009529965769739154,0.50439453125,0.5323062499999999,0.02630481140925385,0.003852273669560486,200.62418580055237
230,-1.0135728868374108,0.00702539848248311,0.505126953125,0.5323062499999999,0.013997077950752838,0.003843135783839026,201.40313577651978
231,-1.0184781815472992,0.00671210912127,0.4952392578125,0.5323062499999999,0.015002286191243771,0.0038339733624071304,202.13396310806274
232,-1.0158612055983065,0.009160288663028477,0.5010986328125,0.5323062499999999,0.017254301194434322,0.003824786589814438,202.94840097427368
233,-1.0166483944904259,0.008703875987396182,0.5029296875,0.5323062499999999,0.017341079869041244,0.0038155756511010696,203.75652503967285
234,-1.0125688379800377,0.006835623963979301,0.50244140625,0.5323062499999999,0.008689386339931377,0.0038063407317939,204.5723705291748
235,-1.0127672731086634,0.009235533245758413,0.5076904296875,0.5323062499999999,0.016524574224886315,0.003797082017902821,205.3647346496582
236,-1.0133635233366238,0.007849933842175185,0.4954833984375,0.5323062499999999,0.01126311320956827,0.0037877996959169965,206.17267727851868
237,-1.0152176359027871,0.008553034664945034,0.496826171875,0.5323062499999999,0.02006081760230644,0.0037784939528011036,206.94407987594604
238,-1.01419645218177,0.016367318722463872,0.504638671875,0.5323062499999999,0.009198355049663496,0.00376916497599157,207.7044506072998
239,-1.0157829079314307,0.009826030153659853,0.512451171875,0.5323062499999999,0.01868534347958325,0.0037598129533927957,208.48235034942627
240,-1.0150663045845847,0.00952007946761592,0.50732421875,0.5323062499999999,0.014536411157363018,0.0037504380733733673,209.35793471336365
241,-1.0134187454561958,0.008455337301261922,0.4998779296875,0.5323062499999999,0.017923568340528155,0.003741040524762271,210.21740865707397
242,-1.0184965827074064,0.007518906751900793,0.5006103515625,0.5323062499999999,0.01646503991118072,0.0037316204968450796,210.98932361602783
243,-1.0141494321562152,0.013624670804539257,0.50146484375,0.5323062499999999,0.010701642975935836,0.003722178179360147,211.79829835891724
244,-1.0142922493610826,0.013539478271688592,0.5029296875,0.5323062499999999,0.012934919263644712,0.003712713762494781,212.58357763290405
245,-1.0148296381014494,0.012541457073376235,0.5096435546875,0.5323062499999999,0.01124557757453741,0.003703227436881419,213.35064053535461
246,-1.0146354801872053,0.010860673125319931,0.504638671875,0.5323062499999999,0.021420128465335676,0.0036937193935937833,214.12007093429565
247,-1.0161463870482987,0.007132291784153606,0.5115966796875,0.5323062499999999,0.017119537919893422,0.0036841898241430334,214.90387511253357
248,-1.0139156125532773,0.012136417313948813,0.5009765625,0.5323062499999999,0.019009596623103864,0.00367463892047391,215.66910243034363
249,-1.0166724788412855,0.00861570739079237,0.501708984375,0.5323062499999999,0.02267621525710643,0.0036650668749608657,216.44485759735107
250,-1.0127762670573657,0.008173508678988294,0.511474609375,0.5323062499999999,0.02287558546723422,0.003655473880404196,217.212908744812
251,-1.0166138882810565,0.013467412930937745,0.49365234375,0.5323062499999999,0.03016119917082001,0.0036458601300261503,217.97506976127625
252,-1.014699790869575,0.008855284083545955,0.5111083984375,0.5323062499999999,0.020148751023577206,0.0036362258174670427,218.81866264343262
253,-1.0134334721436034,0.008023808228128721,0.5101318359375,0.5323062499999999,0.018000304760249344,0.0036265711367813504,219.61027455329895
254,-1.0138639850070643,0.00828406995837948,0.498779296875,0.5323062499999999,0.01570577244014886,0.003616896282433806,220.4147810935974
255,-1.013288854019791,0.0071205874802471505,0.50048828125,0.5323062499999999,0.018020340521986977,0.003607201449295481,221.18823409080505
256,-1.014579174455459,0.006505396153199559,0.496826171875,0.5323062499999999,0.018117691103595047,0.0035974868326398594,221.9608771800995
257,-1.0146386353093804,0.0062258402479204965,0.4976806640625,0.5323062499999999,0.013109566430248363,0.003587752628138904,222.7330822944641
258,-1.017760310927763,0.00598376952563642,0.49853515625,0.5323062499999999,0.012379717742215985,0.0035779990318591196,223.55753779411316
259,-1.0168002702225776,0.007359654765706402,0.494384765625,0.5323062499999999,0.01420652983741445,0.0035682262402575975,224.38114953041077
260,-1.017489922665543,0.007795985797255006,0.498779296875,0.5323062499999999,0.015466107165446717,0.0035584344501780616,225.1554799079895
261,-1.0160452309466148,0.008625850951012176,0.5069580078125,0.5323062499999999,0.014919101779067087,0.003548623858846906,225.92744421958923
262,-1.0186891547559134,0.007036303959552092,0.50634765625,0.5323062499999999,0.019893142850512097,0.003538794663869216,226.7489755153656
263,-1.0121402383193814,0.006135961582815402,0.5145263671875,0.5323062499999999,0.015516619456121006,0.0035289470632247954,227.55604100227356
264,-1.014455265030312,0.013992341955802155,0.515625,0.5323062499999999,0.011656145563644499,0.003519081255264174,228.3348982334137
265,-1.0116021972330635,0.008831406443045685,0.5015869140625,0.5323062499999999,0.010530431015898584,0.003509197438704612,229.1227524280548
266,-1.0112323354104245,0.005889883593188134,0.5078125,0.5323062499999999,0.010000699475917878,0.003499295812626103,229.88798189163208
267,-1.0139254592017473,0.007440958332730699,0.5030517578125,0.5323062499999999,0.009878048489295294,0.0034893765764673554,230.70916628837585
268,-1.0138980660130195,0.0061637737960877955,0.5015869140625,0.5323062499999999,0.007821365280076414,0.0034794399300217835,231.46021938323975
269,-1.0145667252163215,0.008318372784372644,0.494873046875,0.5323062499999999,0.012181536438931558,0.0034694860734334797,232.27017641067505
270,-1.016805954234122,0.004677920341898885,0.49853515625,0.5323062499999999,0.008258616005026335,0.003459515207193181,233.0011157989502
271,-1.0168453582237844,0.006828731928926757,0.49755859375,0.5323062499999999,0.010527635201335908,0.003449527532134236,233.81401705741882
272,-1.013782156215111,0.006161987816356513,0.506591796875,0.5323062499999999,0.010253483830828919,0.003439523249428554,234.6145098209381
273,-1.0134202196034454,0.0057390595945420505,0.4964599609375,0.5323062499999999,0.010976291545872334,0.0034295025605825596,235.38799595832825
274,-1.012885854913083,0.006136403895546306,0.493896484375,0.5323062499999999,0.008993843826487357,0.0034194656674331244,236.19448900222778
275,-1.0163187170779528,0.0057453065630502596,0.5001220703125,0.5323062499999999,0.015029883382421559,0.0034094127721435137,237.05613899230957
276,-1.0144547413412286,0.00617583218363098,0.5059814453125,0.5323062499999999,0.014225129415753476,0.0033993440771993037,237.80684733390808
277,-1.013747739707338,0.010138130677386047,0.505615234375,0.5323062499999999,0.013587521955257857,0.0033892597854043097,238.58788108825684
278,-1.016238429782407,0.007657675505243996,0.505126953125,0.5323062499999999,0.01620656408918578,0.0033791600998764977,239.31693196296692
279,-1.0134785130028328,0.006633089636793698,0.4998779296875,0.5323062499999999,0.011721029590693391,0.0033690452240438947,240.0861461162567
280,-1.011557497604441,0.0064115776147939535,0.5010986328125,0.5323062499999999,0.008874488716304318,0.0033589153616404915,240.9566056728363
281,-1.0160010034671916,0.0063923248876414825,0.5010986328125,0.5323062499999999,0.015640712593217185,0.0033487707167021404,241.74806451797485
282,-1.0165557075077878,0.006277404327383914,0.4998779296875,0.5323062499999999,0.01194723608040111,0.00333861149356244,242.53202557563782
283,-1.0171128442974866,0.005326686630057969,0.5018310546875,0.5323062499999999,0.009597983070813634,0.003328437896848624,243.28677368164062
284,-1.0144664101788066,0.005055494000793683,0.5057373046875,0.5323062499999999,0.007149974046233912,0.0033182501314774444,244.07151174545288
285,-1.0199942083748912,0.005157527282158707,0.502197265625,0.5323062499999999,0.02542648832756772,0.0033080484026510306,244.85961484909058
286,-1.0136753395470357,0.006110380979214038,0.502685546875,0.5323062499999999,0.007771569151134546,0.003297832915852769,245.70692014694214
287,-1.017722519769404,0.006319108990658455,0.4947509765625,0.5323062499999999,0.0111569021734751,0.003287603876843159,246.5841028690338
288,-1.0151030126015221,0.004464331908830374,0.4967041015625,0.5323062499999999,0.01154613948935954,0.0032773614916556653,247.37475275993347
289,-1.0190585417384248,0.005097908553767386,0.5,0.5323062499999999,0.011268356804049636,0.003267105966592576,248.18270421028137
290,-1.0190765308925656,0.006694506319654353,0.4918212890625,0.5323062499999999,0.018069573709331137,0.0032568375082208416,248.96903204917908
291,-1.0167962740995502,0.004922820405179591,0.503662109375,0.5323062499999999,0.01182781917950503,0.0032465563233679134,249.7535331249237
292,-1.016836310050419,0.006349330816238692,0.501220703125,0.5323062499999999,0.017957607869479416,0.003236262619117581,250.52885127067566
293,-1.0178838342972143,0.006641198001087802,0.5091552734375,0.5323062499999999,0.01914329149070893,0.0032259566028058012,251.24845671653748
294,-1.0165348617607852,0.0052354018923534175,0.50634765625,0.5323062499999999,0.00939325130868639,0.0032156384820165177,252.032817363739
295,-1.01627694160643,0.006450484902477472,0.4993896484375,0.5323062499999999,0.011805715846899498,0.0032053084645774863,252.82255291938782
296,-1.0144172970088352,0.007243410634880353,0.5032958984375,0.5323062499999999,0.012109505441975742,0.0031949667585560813,253.5959014892578
297,-1.013455987282745,0.008152520634144289,0.50732421875,0.5323062499999999,0.011489511191402273,0.0031846135722551124,254.36635375022888
298,-1.0128883220469587,0.0056484468072117424,0.496337890625,0.5323062499999999,0.011426250376345369,0.003174249114208623,255.16425371170044
299,-1.0160238483148796,0.006572352597800417,0.5064697265625,0.5323062499999999,0.013352292118943393,0.003163873593177693,256.0178451538086
300,-1.0128566099574714,0.005611335664273733,0.50439453125,0.5323062499999999,0.014132558766899719,0.003153487218146233,256.7964265346527
301,-1.0163559615725315,0.008891022591087651,0.4969482421875,0.5323062499999999,0.02007673735052253,0.0031430901983167748,257.56632924079895
302,-1.0156413585456983,0.009816857050207038,0.50146484375,0.5323062499999999,0.009646507256828862,0.0031326827431062574,258.30845832824707
303,-1.0142707228931873,0.007331456316654183,0.5067138671875,0.5323062499999999,0.010619425188730425,0.0031222650621418107,259.11999106407166
304,-1.0139895919212525,0.00587465771859537,0.5059814453125,0.5323062499999999,0.013268197616526213,0.0031118373652565317,259.8765914440155
305,-1.0124290277700476,0.004559256700715748,0.4979248046875,0.5323062499999999,0.009082469832701716,0.003101399862485257,260.65672278404236
306,-1.0136316344510143,0.006117377319448232,0.5008544921875,0.5323062499999999,0.011232365526667969,0.003090952764060335,261.44566798210144
307,-1.015857365590863,0.005293021728372897,0.501220703125,0.5323062499999999,0.013734879594069419,0.0030804962804073886,262.24610328674316
308,-1.0169325131605462,0.005944394167991051,0.501953125,0.5323062499999999,0.01159058453408282,0.0030700306221410796,263.1534640789032
309,-1.0183652652663016,0.006051834013406799,0.5013427734375,0.5323062499999999,0.01807585487602588,0.0030595560000608625,263.9987769126892
310,-1.0136388190912273,0.007907394143301933,0.505859375,0.5323062499999999,0.011561084367582637,0.003049072625146745,264.7809774875641
311,-1.016572660612263,0.006280179296977457,0.5047607421875,0.5323062499999999,0.017006924546228958,0.0030385807085550305,265.5531048774719
312,-1.013722518057262,0.005086310692435029,0.49951171875,0.5323062499999999,0.008522385354385391,0.0030280804616140706,266.3283212184906
313,-1.0168422685620082,0.004992265385944104,0.50732421875,0.5323062499999999,0.013581661175077192,0.0030175720958200087,267.0898687839508
314,-1.0165820856526595,0.004705901810167901,0.501220703125,0.5323062499999999,0.009747064057703925,0.0030070558228325155,267.89834094047546
315,-1.01640907790522,0.004214914051603576,0.5023193359375,0.5323062499999999,0.007461011906598532,0.0029965318544705292,268.6860330104828
316,-1.0144387236377435,0.0177710044105174,0.4984130859375,0.5323062499999999,0.007625690254758786,0.0029860004027079893,269.46561646461487
317,-1.0190989004590036,0.006162824231163652,0.4984130859375,0.5323062499999999,0.01518401500874594,0.0029754616796695676,270.2595992088318
318,-1.0146409277548656,0.004425206621241408,0.5087890625,0.5323062499999999,0.0075926416493273755,0.0029649158976263893,271.1481273174286
319,-1.0183925664556637,0.00626632175043348,0.5057373046875,0.5323062499999999,0.010894807977069538,0.0029543632689917653,271.93379306793213
320,-1.016649953377073,0.007213556854784908,0.501708984375,0.5323062499999999,0.00787804161345679,0.002943804006316912,272.76141357421875
321,-1.0161148804192632,0.004593621477502031,0.5120849609375,0.5323062499999999,0.011963280381000299,0.0029332383222866656,273.5898926258087
322,-1.012996756798169,0.004536089436480137,0.5069580078125,0.5323062499999999,0.01690584299218695,0.0029226664297152026,274.40364599227905
323,-1.0155378687917516,0.006456582686080258,0.5059814453125,0.5323062499999999,0.007390529606600649,0.0029120885415417535,275.17861247062683
324,-1.0164866019850238,0.004884930714912316,0.51025390625,0.5323062499999999,0.013816195611230675,0.0029015048708263096,275.9068112373352
325,-1.0148226862870675,0.004332298661443131,0.5081787109375,0.5323062499999999,0.01423022887166295,0.002890915630745336,276.5595951080322
326,-1.0163319204125705,0.0036746311119143517,0.5081787109375,0.5323062499999999,0.014446614995031347,0.002880321034587477,277.26304721832275
327,-1.0149759638022444,0.0052053431993218805,0.499755859375,0.5323062499999999,0.014304127533696049,0.0028697212957492554,277.99497652053833
328,-1.015372157058831,0.006431422879426011,0.509033203125,0.5323062499999999,0.018440395566053952,0.0028591166277307824,278.67421793937683
329,-1.013794294175071,0.005153471828582266,0.5089111328125,0.5323062499999999,0.006565241609420932,0.0028485072441314504,279.44599771499634
330,-1.0148433213133183,0.004858506060260418,0.505615234375,0.5323062499999999,0.009035743579692624,0.002837893358645634,280.1281769275665
331,-1.0152647913152897,0.0036194888323330494,0.5048828125,0.5323062499999999,0.006732098123567326,0.0028272751850583833,280.81088399887085
332,-1.0164542892695958,0.004799785715373053,0.505126953125,0.5323062499999999,0.00991146298481342,0.00281665293724112,281.5197961330414
333,-1.018146489794624,0.005346689126812523,0.509033203125,0.5323062499999999,0.017344664309205376,0.002806026829147331,282.2361009120941
334,-1.017179138877338,0.006402715594462972,0.5074462890625,0.5323062499999999,0.014407376223867285,0.002795397074808255,282.9059419631958
335,-1.0159190866198091,0.00651915298753325,0.5084228515625,0.5323062499999999,0.011614244493275465,0.002784763888328574,283.6117117404938
336,-1.0165252601017012,0.0056442678653786235,0.501953125,0.5323062499999999,0.008304007455973846,0.002774127483882099,284.26208567619324
337,-1.013231411351983,0.005040536397596505,0.4989013671875,0.5323062499999999,0.012186388883827197,0.00276348807570746,285.0136995315552
338,-1.0138645969800442,0.004306211185871474,0.510986328125,0.5323062499999999,0.014376931891606992,0.0027528458781037844,285.7369759082794
339,-1.0164571684447283,0.0051994512825777545,0.498779296875,0.5323062499999999,0.01803567561908015,0.0027422011054263886,286.42096495628357
340,-1.0162146617017578,0.004912556809663591,0.5048828125,0.5323062499999999,0.016510222948428088,0.002731553972082453,287.1818244457245
341,-1.0153375825536122,0.003782017028954067,0.5006103515625,0.5323062499999999,0.016921365305492726,0.0027209046925267084,287.8731586933136
342,-1.0155285951164132,0.003727607244345519,0.495849609375,0.5323062499999999,0.014754653063843921,0.0027102534812571124,288.56517028808594
343,-1.0153877569540368,0.007418817391679366,0.5068359375,0.5323062499999999,0.012502441736760168,0.0026996005528105334,289.3057758808136
344,-1.0160734324039191,0.004894518240241866,0.501953125,0.5323062499999999,0.015869613055818438,0.002688946121758429,289.9881615638733
345,-1.0146998729814787,0.0043004453342988394,0.509765625,0.5323062499999999,0.013880876100244242,0.002678290402702516,290.75676584243774
346,-1.0188506750189905,0.003804846996587634,0.4952392578125,0.5323062499999999,0.011634886436862894,0.00266763361027046,291.4891896247864
347,-1.0154791028033736,0.00446612180210612,0.5047607421875,0.5323062499999999,0.019323089471978593,0.0026569759591115443,292.23944211006165
348,-1.0157627883323146,0.004554113494757525,0.5089111328125,0.5323062499999999,0.010676937041798845,0.0026463176638923495,292.9243335723877
349,-1.0194933285490257,0.0046743020432851,0.5074462890625,0.5323062499999999,0.014312252392253534,0.0026356589392924267,293.608197927475
350,-1.0147102871473668,0.005574989005747708,0.5023193359375,0.5323062499999999,0.011695328470561811,0.002624999999999979,294.3712193965912
351,-1.0131030888928063,0.005184747132678697,0.5125732421875,0.5323062499999999,0.017836277233434467,0.002614341060707531,295.02357053756714
352,-1.012657158532695,0.00425547286466066,0.5146484375,0.5323062499999999,0.012108017028769924,0.002603682336107609,295.71570467948914
353,-1.0136014499944932,0.0042936122799884435,0.4893798828125,0.5323062499999999,0.008227724461474514,0.0025930240408884135,296.42593359947205
354,-1.0150952886800777,0.003836331616435695,0.4896240234375,0.5323062499999999,0.01924376036155198,0.002582366389729498,297.07698345184326
355,-1.0156286672413963,0.006455446882346397,0.4908447265625,0.5323062499999999,0.02047686711760521,0.0025717095972974426,297.7881829738617
356,-1.0191560275282074,0.009824096796132428,0.5089111328125,0.5323062499999999,0.02497869330612889,0.0025610538782415296,298.50621247291565
357,-1.013448025792552,0.006785568946224331,0.5079345703125,0.5323062499999999,0.0158370119441852,0.0025503994471894244,299.2790665626526
358,-1.01477862718625,0.005005793418013153,0.5032958984375,0.5323062499999999,0.01183968030609551,0.0025397465187428454,300.0920612812042
359,-1.0153792313858232,0.004355261670315112,0.507080078125,0.5323062499999999,0.013974697215047897,0.0025290953074732503,300.9544017314911
360,-1.0140724960328023,0.004146185814213409,0.5013427734375,0.5323062499999999,0.013480763293549405,0.002518446027917505,301.72755765914917
361,-1.015643219836684,0.008879544814570903,0.5001220703125,0.5323062499999999,0.020867339875760848,0.002507798894573569,302.50547218322754
362,-1.0163150292380767,0.005254379160676353,0.5128173828125,0.5323062499999999,0.012025986725877423,0.0024971541218961725,303.3144998550415
363,-1.015667921838181,0.007112880398203361,0.50634765625,0.5323062499999999,0.008938614659676616,0.002486511924292497,304.1027274131775
364,-1.0150912325970172,0.006055258412669836,0.51171875,0.5323062499999999,0.007854478889841357,0.0024758725161178573,304.9030210971832
365,-1.015865974965814,0.00510798285467389,0.5003662109375,0.5323062499999999,0.0143607166958616,0.002465236111671382,305.6366136074066
366,-1.015104805989532,0.003713399515146454,0.5093994140625,0.5323062499999999,0.008715232020850543,0.002454602925191701,306.44946217536926
367,-1.0165922688416975,0.0056069054634322706,0.500732421875,0.5323062499999999,0.015913373820889552,0.002443973170852625,307.2683298587799
368,-1.0154601636603187,0.004232936229738752,0.5089111328125,0.5323062499999999,0.010849134058406243,0.002433347062758836,308.0692102909088
369,-1.017862709259592,0.005377895198793852,0.5030517578125,0.5323062499999999,0.006622805488450376,0.002422724814941573,308.84331250190735
370,-1.0169605593714461,0.004789679499077144,0.4931640625,0.5323062499999999,0.010451486959925971,0.0024121066413543227,309.62647914886475
371,-1.015348748453875,0.0038649528801131838,0.498779296875,0.5323062499999999,0.01392326702693401,0.002401492755868505,310.4280230998993
372,-1.0143456714609047,0.005043225113597818,0.505126953125,0.5323062499999999,0.020196389206875182,0.0023908833722691737,311.2145941257477
373,-1.0154441568221095,0.005962160400051388,0.5020751953125,0.5323062499999999,0.012870315840667784,0.0023802787042507007,312.0105183124542
374,-1.0140533496347244,0.006152415956199699,0.502685546875,0.5323062499999999,0.01384680753550848,0.002369678965412479,312.8644063472748
375,-1.0142141673885028,0.00700817749630052,0.500244140625,0.5323062499999999,0.013694655673861767,0.00235908436925462,313.63971400260925
376,-1.0131343733193834,0.003952069889286135,0.5048828125,0.5323062499999999,0.021394194887238708,0.0023484951291736465,314.44132351875305
377,-1.0159300615860927,0.003982847387088347,0.5018310546875,0.5323062499999999,0.014078177657378689,0.0023379114584582026,315.2162356376648
378,-1.0153863648077834,0.004143587437915618,0.5045166015625,0.5323062499999999,0.010831973778349891,0.0023273335702847526,316.10296654701233
379,-1.0156537830566892,0.0054263235736021626,0.5,0.5323062499999999,0.01410146443030832,0.0023167616777132905,316.887980222702
380,-1.015407813233252,0.004170727139216775,0.504638671875,0.5323062499999999,0.012153741301482704,0.0023061959936830434,317.7461702823639
381,-1.0167347588325366,0.004702100887500002,0.5001220703125,0.5323062499999999,0.016570914199310022,0.00229563673100819,318.54589343070984
382,-1.0153735208947534,0.003896088883312881,0.5028076171875,0.5323062499999999,0.012075193133189421,0.002285084102373566,319.3764717578888
383,-1.0170096443815877,0.0034730094895585643,0.4984130859375,0.5323062499999999,0.006952852009878944,0.0022745383203303876,320.189005613327
384,-1.019820759787898,0.005979968107495785,0.5029296875,0.5323062499999999,0.015907673800612865,0.002263999597291965,320.95289397239685
385,-1.0191566748980128,0.0052148218427210844,0.49609375,0.5323062499999999,0.012509423694323262,0.002253468145529426,321.79561948776245
386,-1.0159623989975741,0.003788282029019103,0.5025634765625,0.5323062499999999,0.013431896052025095,0.0022429441771674415,322.48350167274475
387,-1.0152137576366642,0.0045411477541134546,0.5008544921875,0.5323062499999999,0.01296030058745952,0.0022324279041799483,323.3666801452637
388,-1.0157562721532292,0.005812244896657593,0.5074462890625,0.5323062499999999,0.009620167216726332,0.0022219195383858864,324.1608006954193
389,-1.0151325354498255,0.0043277588230182205,0.5032958984375,0.5323062499999999,0.013924575360152838,0.0022114192914449273,324.92820167541504
390,-1.0141873278733566,0.00480698739564634,0.5057373046875,0.5323062499999999,0.010398952776764503,0.0022009273748532132,325.69276547431946
391,-1.0163412081470997,0.0048704692876480144,0.497314453125,0.5323062499999999,0.011970832355670417,0.0021904439999390953,326.5037407875061
392,-1.0145744860515493,0.006794924049972688,0.4990234375,0.5323062499999999,0.01565092794524121,0.00217996937785888,327.2924952507019
393,-1.017698365424951,0.006135943167787778,0.500244140625,0.5323062499999999,0.012824194149946637,0.00216950371959257,328.1383903026581
394,-1.0148392053267545,0.004020754534102031,0.5008544921875,0.5323062499999999,0.013753326884826307,0.0021590472359396245,328.92053604125977
395,-1.0147240370730866,0.006045897969708188,0.4971923828125,0.5323062499999999,0.010817199666506315,0.0021486001375147024,329.6932442188263
396,-1.0158355322525139,0.00799226939502608,0.495849609375,0.5323062499999999,0.012225658407565022,0.0021381626347434283,330.4682996273041
397,-1.0155337010025982,0.004370426285750828,0.5093994140625,0.5323062499999999,0.010482136909196957,0.0021277349378581497,331.25540590286255
398,-1.01424091257925,0.004031803090121343,0.4915771484375,0.5323062499999999,0.015630045077413963,0.002117317256893704,332.0487012863159
399,-1.0181951871359867,0.005431880568376088,0.501220703125,0.5323062499999999,0.012414086780406793,0.0021069098016831883,332.81213307380676
400,-1.0148296436872914,0.004965304756403523,0.5067138671875,0.5323062499999999,0.0144520438766938,0.00209651278185373,333.6200671195984
401,-1.0139446982747278,0.004024613861098489,0.508056640625,0.5323062499999999,0.014317027904419436,0.00208612640682227,334.33408999443054
402,-1.0178837694050218,0.007844712803294927,0.50341796875,0.5323062499999999,0.012414507855116334,0.00207575088579134,335.1113386154175
403,-1.0175508750527642,0.006443362963362927,0.4998779296875,0.5323062499999999,0.01687684832328319,0.0020653864277448515,335.9338307380676
404,-1.0148649308272988,0.0038372676271331476,0.488525390625,0.5323062499999999,0.01204079623230886,0.0020550332414438826,336.7015743255615
405,-1.0143037879246926,0.003521835078533325,0.50634765625,0.5323062499999999,0.01289897560592976,0.0020446915354224793,337.4852385520935
406,-1.0149230702593361,0.003792319379687529,0.5048828125,0.5323062499999999,0.01572097579285419,0.002034361517983447,338.19718503952026
407,-1.0164203233175026,0.0061550702826551115,0.4976806640625,0.5323062499999999,0.012942272032335028,0.0020240433971941635,338.9895842075348
408,-1.0156951077774097,0.004308943141341148,0.5054931640625,0.5323062499999999,0.009526192395791907,0.002013737380882384,339.7408359050751
409,-1.017795765542817,0.004440250677849757,0.5087890625,0.5323062499999999,0.01576910518046147,0.0020034436766320518,340.4567983150482
410,-1.017756205122982,0.003692121980331754,0.497802734375,0.5323062499999999,0.011959128757617846,0.001993162491779124,341.2297101020813
411,-1.014346392474884,0.00452754220759984,0.5028076171875,0.5323062499999999,0.013008581868922498,0.0019828940334073895,342.03236865997314
412,-1.0166274502108656,0.011513138557175793,0.504150390625,0.5323062499999999,0.013023307901845476,0.0019726385083443016,342.73976135253906
413,-1.0125881275131725,0.004782647125883368,0.5118408203125,0.5323062499999999,0.010502702741231168,0.001962396123156809,343.54309487342834
414,-1.0164198574187209,0.0038261244189741694,0.499267578125,0.5323062499999999,0.0159680244756454,0.0019521670841471989,344.3481032848358
415,-1.0173118928509142,0.004094367779088922,0.4989013671875,0.5323062499999999,0.0199221475700278,0.0019419515973489374,345.1352393627167
416,-1.014889776717085,0.00316354127506653,0.506591796875,0.5323062499999999,0.012757834779860052,0.0019317498685225243,345.91396737098694
417,-1.0154147645876548,0.0031679556478362036,0.50634765625,0.5323062499999999,0.011914682547660314,0.0019215621031513444,346.6704955101013
418,-1.0134136113858476,0.004108140642633033,0.5059814453125,0.5323062499999999,0.0166396405051465,0.0019113885064375303,347.46299409866333
419,-1.0174482046822073,0.00487584417018887,0.4996337890625,0.5323062499999999,0.022843259875635118,0.001901229283297831,348.331960439682
420,-1.0156166675271914,0.004975623319907323,0.51123046875,0.5323062499999999,0.015579241249353048,0.0018910846383594791,349.11003971099854
421,-1.0148419179016028,0.004286214919292932,0.505126953125,0.5323062499999999,0.01225939569022024,0.0018809547759560772,349.9050271511078
422,-1.0144264343179505,0.00403595174923666,0.5072021484375,0.5323062499999999,0.012804588137282448,0.0018708399001234742,350.6796040534973
423,-1.0163788317324682,0.006038887168603958,0.496826171875,0.5323062499999999,0.017731814887478707,0.0018607402145956623,351.47680497169495
424,-1.0154121893513324,0.0043921504457941,0.49755859375,0.5323062499999999,0.02064452156519347,0.0018506559228006678,352.27861166000366
425,-1.01673505013621,0.006297850291210205,0.505859375,0.5323062499999999,0.0228680374855854,0.0018405872278564586,353.07717299461365
426,-1.0158287477747086,0.005021364760913577,0.4991455078125,0.5323062499999999,0.015782108393085838,0.001830534332566847,353.891432762146
427,-1.0180896821500223,0.004806513792653047,0.501220703125,0.5323062499999999,0.010192514819645572,0.0018204974394174123,354.71821880340576
428,-1.0144699035498084,0.0034921096651940246,0.5042724609375,0.5323062499999999,0.013495142807486265,0.0018104767505714178,355.52161931991577
429,-1.0152403075191514,0.003993084476558697,0.4949951171875,0.5323062499999999,0.017368259484065614,0.0018004724678657364,356.292765378952
430,-1.016304470896757,0.004916857190490573,0.501708984375,0.5323062499999999,0.012187714372199576,0.0017904847928067915,357.0754587650299
431,-1.0157300905058104,0.0042390553982624615,0.49951171875,0.5323062499999999,0.012193926668679512,0.0017805139265664929,357.9159846305847
432,-1.0151440303290904,0.003841742211603728,0.5068359375,0.5323062499999999,0.010852171496199516,0.0017705600699781897,358.6831591129303
433,-1.0166184047360427,0.0034528839193789154,0.4913330078125,0.5323062499999999,0.008371921516194225,0.0017606234235326178,359.4031915664673
434,-1.0131047736614172,0.005137970146879083,0.49951171875,0.5323062499999999,0.011035938939233934,0.001750704187373871,360.2016751766205
435,-1.0193338257646778,0.004927910376185448,0.50341796875,0.5323062499999999,0.02192830170409421,0.001740802561295361,360.9844546318054
436,-1.0164880646694003,0.004075249302354894,0.5093994140625,0.5323062499999999,0.017198843682653574,0.0017309187447358005,361.7582516670227
437,-1.014911473597808,0.004706425785484258,0.4989013671875,0.5323062499999999,0.00788435759812733,0.0017210529367751787,362.5644233226776
438,-1.0163726356295086,0.005366490067641803,0.496337890625,0.5323062499999999,0.006547443220512321,0.0017112053361307581,363.3327260017395
439,-1.015823763947221,0.0037239389346548977,0.498291015625,0.5323062499999999,0.012067807166850762,0.0017013761411530696,364.1183726787567
440,-1.0129764566940223,0.003079117330827933,0.5023193359375,0.5323062499999999,0.018055076538781294,0.0016915655498219127,364.86866211891174
441,-1.014969903225507,0.0034765589779520603,0.4910888671875,0.5323062499999999,0.012411618345135043,0.001681773759742378,365.65791416168213
442,-1.0162932733228098,0.007846075488806782,0.5008544921875,0.5323062499999999,0.02428497966204354,0.0016720009681408558,366.5022485256195
443,-1.015918385109667,0.008398021073591765,0.51220703125,0.5323062499999999,0.013905397922014994,0.0016622473718610716,367.3216452598572
444,-1.0151217460991542,0.004779291638995262,0.4969482421875,0.5323062499999999,0.015789119297978563,0.001652513167360117,368.093953371048
445,-1.0159446097031608,0.006386443032242963,0.5025634765625,0.5323062499999999,0.010764708856473506,0.0016427985507044961,368.90209007263184
446,-1.019475789004687,0.008862870317295267,0.4954833984375,0.5323062499999999,0.02180896578760982,0.001633103717566171,369.66792011260986
447,-1.0149252355617704,0.004267589395070653,0.5050048828125,0.5323062499999999,0.019289447756113007,0.0016234288632186278,370.4560077190399
448,-1.0165381578692407,0.0045263591037534474,0.502685546875,0.5323062499999999,0.00702346594584729,0.001613774182532935,371.2792088985443
449,-1.0163355497705435,0.004143362493260476,0.506591796875,0.5323062499999999,0.009116447371913904,0.0016041398699738274,372.0768849849701
450,-1.0172016305716598,0.005721328940821214,0.5015869140625,0.5323062499999999,0.013335762069093858,0.0015945261195957825,372.8759562969208
451,-1.0161161199247641,0.0029809277503259515,0.506103515625,0.5323062499999999,0.015106981873703589,0.0015849331250391134,373.6538288593292
452,-1.0166188901862472,0.003310951683833551,0.49267578125,0.5323062499999999,0.010835715388568073,0.0015753610795260701,374.3698468208313
453,-1.0175197909995284,0.002920752601838853,0.505859375,0.5323062499999999,0.012615127613748374,0.0015658101758569455,375.1013102531433
454,-1.0149773017084713,0.003275172254771886,0.504638671875,0.5323062499999999,0.011984169430026618,0.0015562806064061956,375.80775713920593
455,-1.0163187524337831,0.0050112118493982,0.5010986328125,0.5323062499999999,0.012045893506763303,0.0015467725631185599,376.5136866569519
456,-1.0179193333245329,0.004734942535673077,0.4952392578125,0.5323062499999999,0.0186032086974762,0.0015372862375051986,377.26738810539246
457,-1.015558891027916,0.004671536074346706,0.4954833984375,0.5323062499999999,0.008758430257254528,0.0015278218206398334,377.94874358177185
458,-1.0162188452777396,0.0034676660164744393,0.494140625,0.5323062499999999,0.019728313634411628,0.0015183795031549006,378.6917314529419
459,-1.0120253932336456,0.004824012587734427,0.4989013671875,0.5323062499999999,0.01645904466907685,0.0015089594752377086,379.3573579788208
460,-1.0153491118958466,0.007831777194149143,0.50732421875,0.5323062499999999,0.013563275359404646,0.0014995619266266122,380.03793501853943
461,-1.0166767344232461,0.00659152197182761,0.4979248046875,0.5323062499999999,0.010544066594416653,0.0014901870466071854,380.7891299724579
462,-1.017803196861598,0.004284009565420484,0.51025390625,0.5323062499999999,0.018143146925084747,0.0014808350240084099,381.5617971420288
463,-1.0155760544981864,0.004503713349455169,0.5013427734375,0.5323062499999999,0.0212088301354911,0.0014715060471988774,382.2404546737671
464,-1.0144003699305961,0.0030336254736932217,0.5126953125,0.5323062499999999,0.007838340735821812,0.0014622003040829848,382.9530327320099
465,-1.0181518469491884,0.01871626123984912,0.508544921875,0.5323062499999999,0.02657919977862765,0.0014529179820971605,383.62494683265686
466,-1.0168205210343348,0.00842610934664746,0.508056640625,0.5323062499999999,0.024357539708351698,0.0014436592682060825,384.3516285419464
467,-1.0150342701717585,0.005110333399472299,0.5009765625,0.5323062499999999,0.01555131727336277,0.0014344243488989131,385.0370841026306
468,-1.0169345904243297,0.007184343641762037,0.5159912109375,0.5323062499999999,0.014034863173810521,0.0014252134101855446,385.7299418449402
469,-1.0172428489121081,0.007114251905556168,0.5120849609375,0.5323062499999999,0.012936909264812273,0.001416026637592854,386.43202805519104
470,-1.0159330199986734,0.004181230554917607,0.5023193359375,0.5323062499999999,0.01905976920628617,0.0014068642161609581,387.08439660072327
471,-1.0142906876751807,0.006326469700455518,0.51318359375,0.5323062499999999,0.02659664868171576,0.0013977263304394978,387.82276487350464
472,-1.0132639631436464,0.005367780101010532,0.49462890625,0.5323062499999999,0.018173845648780964,0.0013886131644839153,388.5960295200348
473,-1.01479609024531,0.003952245896471628,0.51220703125,0.5323062499999999,0.01145399820763964,0.0013795249018517413,389.3181619644165
474,-1.0129704568201678,0.004464078771763395,0.5009765625,0.5323062499999999,0.031686359140193646,0.00137046172559891,390.05260014533997
475,-1.0133746760368325,0.008495789942582968,0.506103515625,0.5323062499999999,0.01855734145052375,0.0013614238182760613,390.7669048309326
476,-1.0156341425930444,0.0048839751612367605,0.511474609375,0.5323062499999999,0.019826570289306723,0.001352411361924869,391.48879528045654
477,-1.014802061752134,0.0035969854194103875,0.5006103515625,0.5323062499999999,0.008143533854550519,0.0013434245380743721,392.1984086036682
478,-1.0148612931012033,0.004065452231259526,0.5059814453125,0.5323062499999999,0.015170092162008498,0.001334463527737323,392.84963941574097
479,-1.0165078418907876,0.01102401086785623,0.502685546875,0.5323062499999999,0.023073822631321756,0.0013255285114065316,393.48808455467224
480,-1.0150069615709587,0.004957886571498286,0.4970703125,0.5323062499999999,0.016527187392364515,0.0013166196690512426,394.22311210632324
481,-1.0170653587299556,0.0031853445093997703,0.5048828125,0.5323062499999999,0.008746189447925597,0.0013077371801134999,394.90005588531494
482,-1.0178098558894104,0.00675958904591782,0.498779296875,0.5323062499999999,0.018058664072503314,0.0012988812235045371,395.57837533950806
483,-1.0149574961558767,0.005110399718847872,0.5,0.5323062499999999,0.016997104591418042,0.0012900519776011766,396.24614930152893
484,-1.014196618991694,0.003918694369130839,0.504638671875,0.5323062499999999,0.011253209398327689,0.001281249620242227,396.9729633331299
485,-1.0132109224536483,0.0026283629210482927,0.5006103515625,0.5323062499999999,0.010020827755346734,0.0012724743287249132,397.6998851299286
486,-1.0123242825660153,0.002617851771318211,0.495849609375,0.5323062499999999,0.014701357076078038,0.0012637262798012967,398.44930815696716
487,-1.0138221533483351,0.004881828063103296,0.499755859375,0.5323062499999999,0.013335027502622184,0.0012550056496747185,399.2764310836792
488,-1.0153557584379371,0.0036896659616915423,0.50048828125,0.5323062499999999,0.010709582619440178,0.0012463126139962497,400.0682911872864
489,-1.014901210968467,0.0030177050107525623,0.5006103515625,0.5323062499999999,0.011000051099946243,0.0012376473478611563,400.8055188655853
490,-1.0188483285413343,0.007285012817386588,0.50830078125,0.5323062499999999,0.02108851457543184,0.0012290100258053637,401.6592674255371
491,-1.0158078692138597,0.003615883826011039,0.501220703125,0.5323062499999999,0.01698611559794053,0.0012204008218019524,402.4615595340729
492,-1.0166094257044993,0.007260270902234444,0.51025390625,0.5323062499999999,0.02324180812604861,0.0012118199092576495,403.2815444469452
493,-1.0146648986519586,0.0035508584595102958,0.5072021484375,0.5323062499999999,0.008416142483018321,0.0012032674610093289,404.0882613658905
494,-1.0155252672000965,0.0036935114004517516,0.50244140625,0.5323062499999999,0.013446966242034635,0.0011947436493205425,404.87831807136536
495,-1.0160246693447181,0.0043775883731391125,0.49755859375,0.5323062499999999,0.013244437550719778,0.0011862486458780407,405.65305757522583
496,-1.0148733657209226,0.004937728755383585,0.5,0.5323062499999999,0.020724962142748594,0.0011777826217883188,406.47692918777466
497,-1.0139373851293465,0.004045461749630215,0.5057373046875,0.5323062499999999,0.01637590251540473,0.0011693457475741684,407.2483129501343
498,-1.0135477793426753,0.005042764351149169,0.515625,0.5323062499999999,0.009943138679996556,0.0011609381931712473,408.0697908401489
499,-1.0139017765658598,0.0033801348732781116,0.50341796875,0.5323062499999999,0.01334991819152702,0.0011525601279246478,408.84186601638794
500,-1.0139372343571003,0.005264025203866424,0.497314453125,0.5323062499999999,0.008802335832499177,0.0011442117205854962,409.6561658382416
501,-1.0144094554668024,0.004497037138189504,0.5157470703125,0.5323062499999999,0.015681494331423976,0.0011358931393075458,410.450528383255
502,-1.01650971428643,0.0077194967506182995,0.5032958984375,0.5323062499999999,0.016977207517250518,0.0011276045516437926,411.2795670032501
503,-1.016495937655557,0.006434550063644985,0.501953125,0.5323062499999999,0.013012256108366312,0.0011193461245431044,412.106538772583
504,-1.0140356553267524,0.004392098810823702,0.4979248046875,0.5323062499999999,0.00932394078541197,0.0011111180243468504,412.95683455467224
505,-1.0188149778150073,0.006233779922608331,0.49951171875,0.5323062499999999,0.01702370906112059,0.0011029204167855564,413.707293510437
506,-1.0141748966255735,0.004466100683290464,0.4844970703125,0.5323062499999999,0.011714032911239434,0.0010947534669755652,414.527042388916
507,-1.0144959052244655,0.008673663227254456,0.5029296875,0.5323062499999999,0.012022807423788395,0.00108661733941571,415.32968759536743
508,-1.0156170175045425,0.00530527780767938,0.505126953125,0.5323062499999999,0.013619766680669831,0.0010785121979840018,416.10411167144775
509,-1.016189226914299,0.009470610561156754,0.5057373046875,0.5323062499999999,0.013607948011705853,0.0010704382059343303,416.86606550216675
510,-1.0189009303756273,0.00803933418524484,0.4952392578125,0.5323062499999999,0.01814608342428247,0.0010623955258931722,417.6658115386963
511,-1.016737999088365,0.0043514254611197595,0.5133056640625,0.5323062499999999,0.010523629830185111,0.0010543843198563166,418.4858853816986
512,-1.0157576565442292,0.003326584660504585,0.492431640625,0.5323062499999999,0.011609250587346368,0.001046404749185604,419.2431607246399
513,-1.0171489385728516,0.006174051478134938,0.493896484375,0.5323062499999999,0.014527225738111887,0.001038456974605674,420.0632154941559
514,-1.0154169447096173,0.006638224324285782,0.4976806640625,0.5323062499999999,0.013724406311186795,0.0010305411562007304,420.83451294898987
515,-1.0171772549785443,0.008571773717649332,0.5048828125,0.5323062499999999,0.022855225042750674,0.0010226574534113134,421.5936932563782
516,-1.0152222116133083,0.006059729756602303,0.5111083984375,0.5323062499999999,0.014078058052813012,0.001014806025031091,422.40218710899353
517,-1.0158488326294763,0.0044176680657868105,0.5020751953125,0.5323062499999999,0.017078350154512666,0.0010069870292036577,423.1795165538788
518,-1.0156452631699917,0.004686695253759776,0.5003662109375,0.5323062499999999,0.013807776691970766,0.0009992006234193552,423.94009947776794
519,-1.0157151029267129,0.004441380135741736,0.5064697265625,0.5323062499999999,0.017426831665619133,0.0009914469645120902,424.7827236652374
520,-1.0150189053040195,0.006883983639898575,0.493896484375,0.5323062499999999,0.020028098456851755,0.000983726208656187,425.53387212753296
521,-1.0141871167582988,0.004635151437921085,0.4937744140625,0.5323062499999999,0.016813721332153506,0.0009760385113632321,426.3398814201355
522,-1.0176752064475227,0.007162502103224125,0.499755859375,0.5323062499999999,0.02981341653986244,0.0009683840274789479,427.1250500679016
523,-1.0168783885612538,0.00929945623708478,0.503662109375,0.5323062499999999,0.016203131247624646,0.0009607629111800701,427.9141721725464
524,-1.0178721593020965,0.03855327513014285,0.4898681640625,0.5323062499999999,0.024403874595934506,0.0009531753159712466,428.6861755847931
525,-1.0133477458101443,0.006635198433918268,0.5025634765625,0.5323062499999999,0.033805295195198835,0.0009456213946819406,429.4679067134857
526,-1.0139990604643108,0.0141922393354133,0.49462890625,0.5323062499999999,0.022549675441290655,0.0009381012994633556,430.2122223377228
527,-1.0145961385687365,0.006953893359546758,0.5018310546875,0.5323062499999999,0.019198765624834874,0.0009306151817853699,431.0068254470825
528,-1.013361911268622,0.005160329855627045,0.49658203125,0.5323062499999999,0.01806490209989159,0.0009231631924334844,431.83051800727844
529,-1.0124875777008437,0.003498800862938917,0.5050048828125,0.5323062499999999,0.01663208376322741,0.0009157454815057896,432.61673521995544
530,-1.0145491565804838,0.0038962427122462067,0.5006103515625,0.5323062499999999,0.018913003348376218,0.0009083621984099366,433.4058291912079
531,-1.0165576869501067,0.0069099581668606745,0.5010986328125,0.5323062499999999,0.02618020781234914,0.0009010134918601316,434.16378808021545
532,-1.0137559112031522,0.0047810475233645905,0.5006103515625,0.5323062499999999,0.020779950945095448,0.0008936995098741395,434.95126032829285
533,-1.0144786118921656,0.006272913177768213,0.4993896484375,0.5323062499999999,0.02689150641122119,0.0008864203997703027,435.76443433761597
534,-1.018153177370108,0.021946598378200562,0.500732421875,0.5323062499999999,0.046634676597245905,0.0008791763081645719,436.62102460861206
535,-1.0147162783757377,0.0040996805131622285,0.49609375,0.5323062499999999,0.014681195638267374,0.000871967380967558,437.40108036994934
536,-1.0140879218517302,0.00442391532088889,0.4976806640625,0.5323062499999999,0.028036567054123423,0.0008647937633815872,438.21982979774475
537,-1.0174746367478291,0.006339146506674835,0.4971923828125,0.5323062499999999,0.017642743455194305,0.0008576555998977785,438.92060589790344
538,-1.0147684848229215,0.005639497296684969,0.5028076171875,0.5323062499999999,0.016575275809711753,0.0008505530342931373,439.6610038280487
539,-1.0138811535403767,0.004155208919595469,0.4970703125,0.5323062499999999,0.011463148183372789,0.000843486209627651,440.4126863479614
540,-1.0164691909000845,0.005715816580722174,0.504150390625,0.5323062499999999,0.022533740287855587,0.0008364552682414165,441.20312118530273
541,-1.0175669422914442,0.011418410954579312,0.5050048828125,0.5323062499999999,0.032437641935115565,0.0008294603517517674,441.9885880947113
542,-1.0152154249447412,0.005986101067169277,0.5023193359375,0.5323062499999999,0.018801398333745032,0.0008225016010504234,442.7154493331909
543,-1.012629077594923,0.005822944590693868,0.4991455078125,0.5323062499999999,0.02646988356648663,0.0008155791563006519,443.4573426246643
544,-1.0178942772322588,0.012271791210266473,0.5081787109375,0.5323062499999999,0.022120246926479,0.0008086931569344464,444.37287878990173
545,-1.017616315698385,0.01393962284991947,0.495849609375,0.5323062499999999,0.020869651037620552,0.0008018437416497163,445.1548728942871
546,-1.0153823833033095,0.004925211571344489,0.5025634765625,0.5323062499999999,0.011740083404656054,0.0007950310484074936,445.94849944114685
547,-1.016286649185801,0.00412418799221653,0.4986572265625,0.5323062499999999,0.011155286921838346,0.0007882552144291543,446.7201111316681
548,-1.0165480659768045,0.005591134747142638,0.494384765625,0.5323062499999999,0.02488387694265103,0.0007815163761936545,447.5053870677948
549,-1.0165462324079888,0.0047857538935355635,0.511962890625,0.5323062499999999,0.020619149961525144,0.0007748146694347824,448.28994059562683
550,-1.0169407844197105,0.0039962581837003535,0.50390625,0.5323062499999999,0.023195769702189967,0.0007681502291384226,449.09998631477356
551,-1.0140229859300987,0.004169755703880882,0.5084228515625,0.5323062499999999,0.015663784721977648,0.0007615231895398378,449.8846571445465
552,-1.0128163402993584,0.005593610635762001,0.50244140625,0.5323062499999999,0.03408405296714167,0.0007549336841209653,450.6767315864563
553,-1.0145885498847171,0.005099831419172198,0.5125732421875,0.5323062499999999,0.016553754898436985,0.0007483818456077292,451.49211025238037
554,-1.0158659577753038,0.006502736011702465,0.5115966796875,0.5323062499999999,0.01997189820018698,0.0007418678059673648,452.25785279273987
555,-1.0160829259848385,0.004229025547795324,0.50537109375,0.5323062499999999,0.026360667439906105,0.000735391696405764,453.07194232940674
556,-1.0137083588600448,0.0035089002281741078,0.490478515625,0.5323062499999999,0.014507254768336747,0.000728953647364828,453.8314628601074
557,-1.01216146650025,0.006543634919139203,0.49609375,0.5323062499999999,0.022246380062705053,0.0007225537885198433,454.61632323265076
558,-1.0157244840456459,0.004152570338468355,0.50146484375,0.5323062499999999,0.01317110048417179,0.0007161922487768711,455.3766510486603
559,-1.026017152757295,0.11842623054911784,0.5086669921875,0.5323062499999999,0.08693914514338551,0.0007098691562701439,456.1692168712616
560,-1.013561176871712,0.004721342988572395,0.50244140625,0.5323062499999999,0.03483286317927705,0.0007035846383594941,456.9110746383667
561,-1.0114597975202655,0.0072046599129795,0.4903564453125,0.5323062499999999,0.027713886212008834,0.0006973388216277811,457.69716596603394
562,-1.0138286964688867,0.0061618712097738105,0.5059814453125,0.5323062499999999,0.02073365157178665,0.0006911318318783454,458.4497067928314
563,-1.015737408912009,0.010338617783500682,0.50146484375,0.5323062499999999,0.02751801158764002,0.0006849637941324736,459.2128224372864
564,-1.0144522002743215,0.008035807525599823,0.498291015625,0.5323062499999999,0.036703066023959514,0.0006788348326268816,459.9807620048523
565,-1.012885474912185,0.005124569692958753,0.4915771484375,0.5323062499999999,0.032154509887518334,0.0006727450708112087,460.79118824005127
566,-1.0133786539550362,0.004334624142911987,0.5025634765625,0.5323062499999999,0.015888636064750144,0.0006666946313455349,461.60817432403564
567,-1.0147435872853166,0.015645221293168164,0.49560546875,0.5323062499999999,0.02180729539578691,0.0006606836360979108,462.39147996902466
568,-1.0131479954049594,0.005431672795423192,0.5003662109375,0.5323062499999999,0.01929457520745737,0.0006547122061418957,463.19289660453796
569,-1.0128495263178978,0.005325584848690859,0.499755859375,0.5323062499999999,0.02025312299983257,0.0006487804617541294,463.98850560188293
570,-1.012069296320293,0.006388864310271027,0.5009765625,0.5323062499999999,0.029102998363996806,0.0006428885224119014,464.83931016921997
571,-1.0115940383855,0.009788138068963089,0.5028076171875,0.5323062499999999,0.02177467982262568,0.0006370365067907482,465.700217962265
572,-1.0143272650320987,0.011323148150358214,0.4981689453125,0.5323062499999999,0.02594284955204228,0.0006312245327620616,466.5321397781372
573,-1.0106386207777105,0.007580163589944432,0.4949951171875,0.5323062499999999,0.021367080927494616,0.0006254527173907168,467.3160684108734
574,-1.0134128319899953,0.005822483690420305,0.512451171875,0.5323062499999999,0.021132560473600306,0.0006197211769327093,468.0753765106201
575,-1.013991320708167,0.005920317086665849,0.490234375,0.5323062499999999,0.02462298465835892,0.0006140300268328205,468.8730502128601
576,-1.0129593136603579,0.00631518479491999,0.49462890625,0.5323062499999999,0.015062153218184595,0.0006083793817222858,469.696391582489
577,-1.0144827006346098,0.0051460665225097615,0.500244140625,0.5323062499999999,0.021121517654510247,0.0006027693554164891,470.4768579006195
578,-1.0138412835032453,0.006426147438663282,0.501708984375,0.5323062499999999,0.02333211475595838,0.0005972000609126706,471.2529332637787
579,-1.0212563180268028,0.01700088417296765,0.4891357421875,0.5323062499999999,0.049964477099858635,0.0005916716103876493,472.0100066661835
580,-1.0135623971030825,0.007618385280802195,0.4879150390625,0.5323062499999999,0.04285043933276434,0.0005861841151955636,472.8143084049225
581,-1.0168952932923714,0.030081117283094348,0.493896484375,0.5323062499999999,0.023897336560431442,0.0005807376858656297,473.5803837776184
582,-1.0149415776408728,0.00665917241382207,0.4932861328125,0.5323062499999999,0.016135834322842425,0.000575332432099914,474.3553650379181
583,-1.0159037472423045,0.005643799922216892,0.5040283203125,0.5323062499999999,0.019702189206633348,0.0005699684627711241,475.12977600097656
584,-1.0170817992405783,0.006616524461597727,0.513427734375,0.5323062499999999,0.02451077921425347,0.0005646458859204166,475.89011335372925
585,-1.0111002631056816,0.006218879431843207,0.5028076171875,0.5323062499999999,0.019224398379035477,0.0005593648087552194,476.6333682537079
586,-1.012653196688028,0.008132662593413364,0.5042724609375,0.5323062499999999,0.029280684840047543,0.0005541253376470728,477.4147644042969
587,-1.0136909017259377,0.0047442112513876086,0.50048828125,0.5323062499999999,0.015057740246354121,0.0005489275781294881,478.1197621822357
588,-1.0115927822159325,0.005915892707248792,0.5032958984375,0.5323062499999999,0.022793261838438616,0.0005437716348958199,478.9319281578064
589,-1.0170965108430492,0.012446838893401814,0.50634765625,0.5323062499999999,0.03874056081685916,0.00053865761179716,479.675678730011
590,-1.0143914251766093,0.0046527931713507805,0.5032958984375,0.5323062499999999,0.026038638069411486,0.0005335856118402433,480.4767487049103
591,-1.0124128361399354,0.007669030102025849,0.4998779296875,0.5323062499999999,0.01564731867953543,0.0005285557371853739,481.3231842517853
592,-1.0140459572768517,0.004205320097796576,0.494384765625,0.5323062499999999,0.017309297725077045,0.0005235680891443672,482.22476267814636
593,-1.0161605156971778,0.011785172636533664,0.512451171875,0.5323062499999999,0.015273932236545745,0.0005186227681785109,483.0733506679535
594,-1.0190860239877113,0.012280161465448462,0.504150390625,0.5323062499999999,0.04050524442352674,0.0005137198738965374,483.84551763534546
595,-1.01097281871183,0.006422411672174695,0.5008544921875,0.5323062499999999,0.048554929916296216,0.0005088595050526228,484.64787578582764
596,-1.013410647553322,0.005571459223034036,0.501953125,0.5323062499999999,0.027388805419038136,0.0005040417595443937,485.48178482055664
597,-1.0131556302699134,0.004333344219887819,0.5048828125,0.5323062499999999,0.018694184543546485,0.0004992667344109573,486.3061556816101
598,-1.0126752652156135,0.0041116795858576775,0.4971923828125,0.5323062499999999,0.02258233432616232,0.0004945345258309458,487.11045265197754
599,-1.0135691787828596,0.02477478872937064,0.4935302734375,0.5323062499999999,0.03918546886388936,0.0004898452291205807,487.90784454345703
600,-1.0136389566262958,0.003692762530496894,0.4991455078125,0.5323062499999999,0.02018125538037778,0.00048519893873175135,488.6848855018616
601,-1.01226527547366,0.003372332089374958,0.5018310546875,0.5323062499999999,0.017986171562707917,0.0004805957482501124,489.4515461921692
602,-1.0144123097941675,0.006966045903638075,0.5050048828125,0.5323062499999999,0.019675252262803238,0.0004760357503932007,490.2839250564575
603,-1.01260927323107,0.005428887232348472,0.4908447265625,0.5323062499999999,0.027643049384522403,0.00047151903700856515,491.0645742416382
604,-1.0158569518192315,0.008335827492496862,0.5045166015625,0.5323062499999999,0.03210893638455582,0.00046704569907191984,491.8486256599426
605,-1.01460925092747,0.00873007661299054,0.5059814453125,0.5323062499999999,0.025851159244037462,0.00046261582668530917,492.6969759464264
606,-1.0155759844115009,0.007231402505543238,0.50244140625,0.5323062499999999,0.020206263994246767,0.000458229509075293,493.5356421470642
607,-1.013166550689339,0.0074461979469704195,0.5015869140625,0.5323062499999999,0.0288420204821878,0.0004538868345911511,494.3358881473541
608,-1.012170404651275,0.006957652030711941,0.5107421875,0.5323062499999999,0.011497887683098085,0.00044958789070310176,495.13725185394287
609,-1.0127390436217951,0.00755780785613533,0.50244140625,0.5323062499999999,0.02085217400030993,0.0004453327640005419,495.9982850551605
610,-1.01334122340283,0.004738950359803619,0.5120849609375,0.5323062499999999,0.025314551064258627,0.0004411215401903021,496.8142988681793
611,-1.0124408668574145,0.0036301665079464035,0.5032958984375,0.5323062499999999,0.025804773614462637,0.00043695430409491914,497.70123982429504
612,-1.0179648992969796,0.010290586274649493,0.4906005859375,0.5323062499999999,0.037275435443964625,0.0004328311396509288,498.51484060287476
613,-1.0140204962692454,0.004604542149763749,0.4991455078125,0.5323062499999999,0.026454821118966503,0.0004287521299071763,499.3430416584015
614,-1.0132249251689274,0.01120999672483168,0.5032958984375,0.5323062499999999,0.012059085635963631,0.00042471735702313975,500.17941212654114
615,-1.015726163348449,0.008479843916077274,0.5040283203125,0.5323062499999999,0.027218962395201374,0.00042072690226728027,501.0331211090088
616,-1.0141184804980443,0.006722646190099729,0.491943359375,0.5323062499999999,0.0216824008118944,0.0004167808460154006,501.91009163856506
617,-1.0131147599048766,0.0053410086352424745,0.4991455078125,0.5323062499999999,0.04020863557980223,0.0004128792677490292,502.754239320755
618,-1.0165886783698037,0.016749046695331338,0.493408203125,0.5323062499999999,0.030379768189821,0.0004090222460538176,503.5486328601837
619,-1.0145259947321987,0.0048693738835046425,0.49951171875,0.5323062499999999,0.039001746577128564,0.00040520985861795914,504.39725399017334
620,-1.0147733697324777,0.00426965322619495,0.49853515625,0.5323062499999999,0.019119908220380375,0.0004014421822306219,505.21757531166077
621,-1.0150700642789596,0.007352099421590981,0.5018310546875,0.5323062499999999,0.025674751692785283,0.00039771929278040424,506.09792160987854
622,-1.0117804047373922,0.005581276976366241,0.5,0.5323062499999999,0.02539609915808547,0.00039404126525380474,506.8589553833008
623,-1.0157469926291898,0.005882746248770305,0.4964599609375,0.5323062499999999,0.025357315059012824,0.0003904081737337124,507.82504630088806
624,-1.011963508900846,0.004791623321780505,0.4967041015625,0.5323062499999999,0.020494330104399872,0.00038682009139791545,508.6398115158081
625,-1.015712985822729,0.006033459330601613,0.51318359375,0.5323062499999999,0.03302461142916719,0.000383277090517625,509.4730842113495
626,-1.0187550511894636,0.03584836451593392,0.50439453125,0.5323062499999999,0.04279376786056639,0.00037977924245602196,510.29144263267517
627,-1.013465537219007,0.006652545277153823,0.4976806640625,0.5323062499999999,0.02424573420676655,0.0003763266176668178,511.1074721813202
628,-1.0136187531221867,0.006159665891152319,0.505126953125,0.5323062499999999,0.031875469304203714,0.0003729192856928359,512.067943572998
629,-1.0132868324261843,0.005819867845828047,0.5068359375,0.5323062499999999,0.0444022013266792,0.0003695573151646113,512.9236087799072
630,-1.0136782307461838,0.007530845335203698,0.5037841796875,0.5323062499999999,0.024376644085205675,0.0003662407737990086,513.8169963359833
631,-1.0147347750108007,0.0118632783583445,0.5125732421875,0.5323062499999999,0.014590713674518179,0.0003629697283978567,514.6521589756012
632,-1.0136868466266031,0.006687002726405271,0.5079345703125,0.5323062499999999,0.05058694756404825,0.00035974424484660464,515.5241615772247
633,-1.0123100553354907,0.00833534524316066,0.4979248046875,0.5323062499999999,0.018562425908223223,0.00035656438811299375,516.2523460388184
634,-1.0112646336525748,0.006655998988506854,0.501953125,0.5323062499999999,0.02466241943353197,0.0003534302222457486,517.143771648407
635,-1.0123035486915974,0.0047436547749809994,0.5047607421875,0.5323062499999999,0.01585695259867036,0.00035034181037328865,517.9913291931152
636,-1.0119231550141985,0.007835415060098577,0.495849609375,0.5323062499999999,0.012556520698307436,0.00034729921470245533,518.8067166805267
637,-1.0106752776390686,0.006558460872570195,0.5123291015625,0.5323062499999999,0.022061974492984037,0.00034430249651725905,519.7126631736755
638,-1.012083757563709,0.004410099808819579,0.4888916015625,0.5323062499999999,0.019944005282903795,0.00034135171617764507,520.6031920909882
639,-1.0138352934817891,0.005327595113537595,0.50537109375,0.5323062499999999,0.0256253998264028,0.0003384469331182791,521.4223637580872
640,-1.0136121942742564,0.005651046402590435,0.495849609375,0.5323062499999999,0.015750602710599765,0.0003355882058473472,522.2658491134644
641,-1.013135988486892,0.00614731775466898,0.5,0.5323062499999999,0.019685745144412643,0.00033277559194537986,523.0907657146454
642,-1.0153982348727113,0.00507574229086347,0.4984130859375,0.5323062499999999,0.013423830261357404,0.00033000914806409194,523.9760453701019
643,-1.01618937343779,0.004989790997517288,0.499267578125,0.5323062499999999,0.011864900925377363,0.0003272889299252391,524.8257873058319
644,-1.0157243795730166,0.008569939942964153,0.494873046875,0.5323062499999999,0.015902827565864752,0.0003246149923195,525.7315592765808
645,-1.015091949864211,0.0049070592171780916,0.4996337890625,0.5323062499999999,0.012155847100555953,0.00032198738910536753,526.5666356086731
646,-1.014309372002871,0.003918615399941964,0.491455078125,0.5323062499999999,0.023527711687621407,0.00031940617320806833,527.5021705627441
647,-1.0138771535821975,0.006619323863802565,0.5059814453125,0.5323062499999999,0.031159802834823214,0.00031687139661849356,528.3414521217346
648,-1.0130183758402191,0.006219444457847612,0.50634765625,0.5323062499999999,0.027366669553937125,0.000314383110392155,529.2307767868042
649,-1.0172948884742226,0.008614224968099554,0.5030517578125,0.5323062499999999,0.0322399526600555,0.00031194136464815216,530.0481524467468
650,-1.0180977354223217,0.012677052001216197,0.4996337890625,0.5323062499999999,0.027433854326288663,0.00030954620856816795,530.9080181121826
651,-1.0106265239906733,0.005198675815697107,0.5078125,0.5323062499999999,0.02792231812317901,0.0003071976903954742,531.8704826831818
652,-1.0159930698705775,0.011411122459004023,0.503173828125,0.5323062499999999,0.022807483671993173,0.00030489585743396114,532.7358026504517
653,-1.0147460683072127,0.007168067013790549,0.5020751953125,0.5323062499999999,0.02765887201530464,0.00030264075604718516,533.5304007530212
654,-1.0157238498765235,0.0062369574837763736,0.5087890625,0.5323062499999999,0.0315725877802902,0.0003004324316574345,534.3839905261993
655,-1.005697457242055,0.08723275471903573,0.5108642578125,0.5323062499999999,0.06966149581644032,0.00029827092874481494,535.1954383850098
656,-1.0062096709382966,0.09363467944596539,0.5084228515625,0.5323062499999999,0.07384189224592214,0.00029615629084635167,536.0249598026276
657,-1.014928763605265,0.008864900565912756,0.502685546875,0.5323062499999999,0.027242043840600715,0.00029408856055511564,536.8009476661682
658,-1.0130525614588963,0.0037911964362373324,0.504638671875,0.5323062499999999,0.023393386548124312,0.0002920677795193636,537.6262786388397
659,-1.0137863964974818,0.005523014101283628,0.50146484375,0.5323062499999999,0.021326416937841396,0.0002900939884416992,538.4763205051422
660,-1.013373863515362,0.005418859989389027,0.504150390625,0.5323062499999999,0.02535477385171298,0.0002881672270782542,539.3298451900482
661,-1.0134292365770703,0.004124964547645808,0.4915771484375,0.5323062499999999,0.029381708826975134,0.0002862875342378859,540.1230521202087
662,-1.0120765544759693,0.0035095609186800436,0.4935302734375,0.5323062499999999,0.032717805356135866,0.00028445494778139857,540.9961938858032
663,-1.0202602444751974,0.049394687001284056,0.4923095703125,0.5323062499999999,0.0976961913901471,0.0002826695046207777,541.8643715381622
664,-1.018564562404172,0.009728378097463079,0.50244140625,0.5323062499999999,0.04845731844185866,0.00028093124071844734,542.7690553665161
665,-1.0161868938551881,0.005105337117655919,0.4976806640625,0.5323062499999999,0.01500897471957428,0.0002792401910865476,543.6378712654114
666,-1.014719788279066,0.009344959262648821,0.4971923828125,0.5323062499999999,0.04084938793890611,0.00027759638978622675,544.4410619735718
667,-1.0164393449126683,0.004710517163123674,0.4971923828125,0.5323062499999999,0.02474259079068289,0.0002759998699269569,545.2665390968323
668,-1.0169297935405155,0.011148956843562737,0.497314453125,0.5323062499999999,0.03992134248874305,0.00027445066366586676,546.1592950820923
669,-1.013147734156386,0.007095222675087039,0.5054931640625,0.5323062499999999,0.057148405050716035,0.0002729488022070934,546.9332060813904
670,-1.0126687153140352,0.006067691701926455,0.4996337890625,0.5323062499999999,0.05268311208862999,0.00027149431580115476,547.8007428646088
671,-1.0161971500979243,0.008389106168107436,0.4962158203125,0.5323062499999999,0.02741717194032646,0.00027008723374433874,548.5731317996979
672,-1.0129364298840682,0.004133550615762561,0.493896484375,0.5323062499999999,0.027939912345079827,0.00026872758437811476,549.4536628723145
673,-1.0150218333847583,0.006273036204056659,0.4949951171875,0.5323062499999999,0.01962305594390495,0.0002674153950885626,550.359162569046
674,-1.0119654522017765,0.008952564523936758,0.4993896484375,0.5323062499999999,0.02474619123287533,0.0002661506923058193,551.1833889484406
675,-1.0147189254407087,0.01208709707257379,0.50048828125,0.5323062499999999,0.017616207043914162,0.00026493350150354856,551.9555926322937
676,-1.010183608160697,0.00695115296007447,0.5003662109375,0.5323062499999999,0.022455957346134477,0.0002637638471984276,552.7461750507355
677,-1.013930540032678,0.004297842651138788,0.5054931640625,0.5323062499999999,0.040215368015588074,0.00026264175294965123,553.525848865509
678,-1.0138187475956453,0.004229539029012317,0.50146484375,0.5323062499999999,0.04533823731114511,0.00026156724135846065,554.3451180458069
679,-1.0172243065888926,0.03424586046045362,0.5067138671875,0.5323062499999999,0.03706972489233336,0.00026054033406768483,555.108419418335
680,-1.015430350951033,0.0038435944044732454,0.4986572265625,0.5323062499999999,0.018953252503845275,0.00025956105176130705,555.8802032470703
681,-1.0139265073483452,0.003805663722603993,0.50537109375,0.5323062499999999,0.0349027674211024,0.00025862941416404753,556.7157564163208
682,-1.0168424428810914,0.005529922746808603,0.5045166015625,0.5323062499999999,0.02084810132142406,0.00025774544004096523,557.5800979137421
683,-1.0127489909401928,0.0064927414637112645,0.50732421875,0.5323062499999999,0.019027067714944796,0.00025690914719708107,558.464483499527
684,-1.0116435800428083,0.003498926313305946,0.500732421875,0.5323062499999999,0.02464508440070527,0.0002561205524770191,559.261120557785
685,-1.0187796644599032,0.02958215251557347,0.4884033203125,0.5323062499999999,0.03827229278549402,0.00025537967176466676,560.1394078731537
686,-1.0159798075354698,0.005878315970298696,0.4957275390625,0.5323062499999999,0.020512677986790632,0.000254686519982855,560.9553015232086
687,-1.0185558373583967,0.014424296201066725,0.4979248046875,0.5323062499999999,0.034508430535207725,0.0002540411110930583,561.821536064148
688,-1.0140820190870494,0.004377162269365022,0.4990234375,0.5323062499999999,0.022494433571022068,0.0002534434580951128,562.6546120643616
689,-1.0137161310392795,0.004958609416414397,0.5025634765625,0.5323062499999999,0.025461267127868312,0.0002528935730269548,563.4468467235565
690,-1.0137245430634394,0.0061717267286421915,0.4945068359375,0.5323062499999999,0.03644072091536265,0.00025239146696437784,564.3076612949371
691,-1.0159615138439781,0.005642099453315482,0.50244140625,0.5323062499999999,0.028872197153368157,0.0002519371500208103,565.1066398620605
692,-1.0139580198418308,0.009034121591248242,0.509521484375,0.5323062499999999,0.017721749035131094,0.00025153063134711177,565.9239156246185
693,-1.0140204978119336,0.005511068892885099,0.495849609375,0.5323062499999999,0.02295106442483271,0.00025117191913138744,566.744194984436
694,-1.0176350817821826,0.0123128642040875,0.5059814453125,0.5323062499999999,0.034136809266079475,0.0002508610205988248,567.5627202987671
695,-1.0163734966006959,0.005686711814605676,0.4990234375,0.5323062499999999,0.03426724621110857,0.000250597942011547,568.4509556293488
696,-1.0160245458507196,0.012611188249202243,0.5050048828125,0.5323062499999999,0.03406338874427049,0.0002503826886684868,569.261821269989
697,-1.0159845263459188,0.004771698890716263,0.510986328125,0.5323062499999999,0.03012662399434745,0.00025021526490528085,570.1092631816864
698,-1.0121321616422205,0.006250521804869476,0.5015869140625,0.5323062499999999,0.03104309829352274,0.0002500956740941812,570.9934051036835
699,-1.0111842724116857,0.011132374202138556,0.518310546875,0.5323062499999999,0.020603324012939024,0.0002500239186439876,571.7928822040558
700,-1.0147105539830756,0.005766815596808328,0.498046875,0.5323062499999999,0.016031939581099827,0.00025,572.5376346111298
