step,time_ps,T_K,PE_kJmol,d_NC_A,theta_deg,hills,W_last_kcal,V_kJmol,sps
5000,10.00,383.88,-729.02,1.4321,58.960,5,0.4983,0.5161,860.7
10000,20.00,223.50,-737.04,1.3900,64.316,10,0.4219,1.3336,872.2
15000,30.00,246.09,-726.99,1.4321,73.924,15,0.3225,2.6749,838.7
20000,40.00,385.54,-709.89,1.3843,69.716,20,0.3151,2.7930,816.6
25000,50.00,234.00,-716.16,1.4805,71.553,25,0.3257,2.6262,805.9
30000,60.00,248.42,-721.24,1.3873,91.750,30,0.4246,1.3015,796.2
35000,70.00,296.09,-733.28,1.4902,72.143,35,0.2956,3.1165,786.8
40000,80.00,267.88,-721.42,1.4583,63.939,40,0.2666,3.6405,781.3
45000,90.00,338.83,-738.12,1.5068,78.630,45,0.3422,2.3771,777.7
50000,100.00,386.35,-735.77,1.4565,88.150,50,0.3438,2.3539,774.7
55000,110.00,336.91,-741.27,1.4453,81.286,55,0.2288,4.4243,773.1
60000,120.00,311.09,-705.79,1.3993,85.169,60,0.2215,4.5905,772.5
65000,130.00,338.36,-711.60,1.3578,84.518,65,0.2712,3.5528,770.6
70000,140.00,284.91,-729.99,1.4564,75.534,70,0.1814,5.6213,768.6
75000,150.00,317.65,-716.09,1.4037,99.876,75,0.4153,1.4117,767.4
80000,160.00,416.81,-707.71,1.4335,101.622,80,0.4201,1.3541,766.5
85000,170.00,271.41,-703.26,1.3719,85.301,85,0.2084,4.9046,765.2
90000,180.00,321.02,-714.57,1.4705,84.547,90,0.2057,4.9720,764.5
95000,190.00,433.29,-705.78,1.3849,100.647,95,0.3642,2.0640,763.2
100000,200.00,348.73,-729.67,1.3560,80.033,100,0.2131,4.7886,763.0
105000,210.00,287.28,-713.27,1.3380,71.709,105,0.2709,3.5593,762.7
110000,220.00,364.69,-718.37,1.4066,77.439,110,0.1249,7.5671,762.8
115000,230.00,314.94,-724.48,1.4008,61.476,115,0.2002,5.1105,762.7
120000,240.00,169.04,-719.82,1.4813,47.331,120,0.4154,1.4100,761.9
125000,250.00,219.84,-712.59,1.5449,56.005,125,0.4015,1.5793,761.7
130000,260.00,285.12,-708.53,1.4588,52.432,130,0.2382,4.2174,761.8
135000,270.00,347.27,-697.92,1.4594,79.391,135,0.1514,6.5626,762.2
140000,280.00,416.50,-719.69,1.4548,86.182,140,0.1547,6.4485,762.8
145000,290.00,270.88,-704.31,1.3577,60.726,145,0.2458,4.0555,761.4
150000,300.00,262.16,-714.96,1.4130,76.182,150,0.1055,8.4513,764.6
155000,310.00,249.02,-736.93,1.3785,54.315,155,0.2480,4.0093,766.5
160000,320.00,273.21,-720.83,1.3809,58.671,160,0.1714,5.9163,767.6
165000,330.00,231.11,-708.21,1.3752,56.242,165,0.1930,5.2999,769.5
170000,340.00,294.08,-713.17,1.3688,52.595,170,0.2453,4.0656,769.5
175000,350.00,334.77,-709.56,1.5033,61.794,175,0.1919,5.3288,769.0
180000,360.00,316.51,-689.14,1.4416,69.274,180,0.1095,8.2588,767.0
185000,370.00,396.54,-711.95,1.5408,63.202,185,0.2549,3.8696,766.6
190000,380.00,333.59,-719.21,1.5060,77.355,190,0.1913,5.3473,766.4
195000,390.00,456.97,-716.67,1.4676,82.934,195,0.1458,6.7565,766.2
200000,400.00,306.78,-689.66,1.4913,66.020,200,0.1330,7.2382,765.3
205000,410.00,258.65,-713.93,1.4200,76.990,205,0.0943,9.0473,763.5
210000,420.00,213.35,-724.70,1.3421,87.791,210,0.2132,4.7871,763.0
215000,430.00,327.00,-724.13,1.4424,80.814,215,0.0984,8.8190,761.3
220000,440.00,307.86,-703.35,1.4220,64.508,220,0.0909,9.2364,761.7
225000,450.00,251.91,-717.15,1.4456,90.328,225,0.1469,6.7177,764.0
230000,460.00,367.72,-691.80,1.4349,99.818,230,0.2578,3.8117,765.6
235000,470.00,305.97,-678.27,1.4372,95.451,235,0.1771,5.7470,766.7
240000,480.00,220.92,-680.57,1.4880,80.744,240,0.1299,7.3631,768.7
245000,490.00,314.96,-716.25,1.4721,80.220,245,0.1069,8.3865,769.0
250000,500.00,271.45,-723.14,1.3376,82.124,250,0.1836,5.5577,769.1
255000,510.00,322.35,-711.20,1.3321,70.406,255,0.1977,5.1765,768.8
260000,520.00,352.80,-700.32,1.4725,55.821,260,0.1288,7.4045,768.6
265000,530.00,338.92,-715.91,1.3378,81.844,265,0.1717,5.9067,768.0
270000,540.00,234.97,-702.52,1.3052,86.823,270,0.2945,3.1339,767.6
275000,550.00,258.66,-699.11,1.5180,68.365,275,0.1418,6.9021,767.5
280000,560.00,286.51,-695.94,1.3365,80.818,280,0.1626,6.1884,767.2
285000,570.00,314.40,-696.21,1.4957,73.424,285,0.1070,8.3806,766.7
290000,580.00,336.39,-707.28,1.3929,88.904,290,0.0995,8.7642,766.7
295000,590.00,243.40,-692.85,1.5009,83.998,295,0.1413,6.9211,765.7
300000,600.00,315.91,-667.06,1.5406,58.491,300,0.2214,4.5932,764.6
305000,610.00,275.94,-703.45,1.3785,66.256,305,0.0934,9.0955,764.0
310000,620.00,254.45,-702.55,1.4963,79.582,310,0.1150,7.9994,762.8
315000,630.00,340.58,-682.22,1.4666,97.739,315,0.1862,5.4858,762.5
320000,640.00,241.71,-693.54,1.5572,69.151,320,0.1959,5.2222,762.3
325000,650.00,365.82,-699.08,1.4763,51.452,325,0.1519,6.5427,762.1
330000,660.00,298.20,-684.53,1.3282,56.568,330,0.2631,3.7078,761.9
335000,670.00,283.66,-691.77,1.4573,53.871,335,0.1086,8.3036,761.5
340000,680.00,314.30,-705.60,1.3947,58.820,340,0.0849,9.5976,761.4
345000,690.00,220.69,-688.59,1.4151,64.480,345,0.0652,10.9914,761.4
350000,700.00,269.02,-710.01,1.3351,68.084,350,0.1587,6.3174,760.2
355000,710.00,286.39,-712.15,1.3732,40.879,355,0.3748,1.9216,759.7
360000,720.00,240.42,-691.74,1.4957,73.906,360,0.0926,9.1405,759.1
365000,730.00,373.45,-699.47,1.5123,60.010,365,0.1246,7.5803,758.3
370000,740.00,333.67,-704.58,1.5084,89.459,370,0.1805,5.6474,758.1
375000,750.00,363.63,-700.24,1.6027,66.635,375,0.3164,2.7715,759.6
380000,760.00,267.62,-690.42,1.4628,65.028,380,0.0689,10.7004,760.9
385000,770.00,385.89,-689.74,1.5400,69.012,385,0.1271,7.4774,761.3
390000,780.00,291.04,-717.06,1.4396,69.268,390,0.0593,11.4994,762.7
395000,790.00,337.95,-703.29,1.4423,87.983,395,0.0846,9.6200,762.9
400000,800.00,327.08,-706.01,1.4094,85.905,400,0.0733,10.3771,763.0
405000,810.00,262.28,-693.07,1.3703,81.595,405,0.0788,9.9913,763.0
410000,820.00,213.62,-687.53,1.5250,88.412,410,0.1949,5.2497,763.1
415000,830.00,384.30,-687.46,1.4058,102.024,415,0.1945,5.2609,763.1
420000,840.00,309.92,-701.71,1.3683,70.188,420,0.0759,10.1920,763.0
425000,850.00,377.55,-676.24,1.3899,83.159,425,0.0665,10.8938,763.0
430000,860.00,295.54,-693.99,1.3780,104.151,430,0.2309,4.3757,762.9
435000,870.00,338.01,-689.18,1.3297,84.011,435,0.1349,7.1659,763.1
440000,880.00,249.44,-700.31,1.3750,92.476,440,0.0930,9.1160,763.1
445000,890.00,597.12,-698.37,1.3435,72.279,445,0.0998,8.7479,763.1
450000,900.00,339.13,-687.10,1.4085,51.904,450,0.1022,8.6187,763.5
455000,910.00,363.00,-690.61,1.4486,68.734,455,0.0559,11.8140,764.7
460000,920.00,267.33,-702.21,1.4612,77.896,460,0.0634,11.1460,765.9
465000,930.00,443.28,-709.25,1.5590,60.275,465,0.1774,5.7359,767.2
470000,940.00,316.51,-685.29,1.3412,66.566,470,0.1195,7.8009,767.4
475000,950.00,294.58,-696.94,1.5221,50.895,475,0.1440,6.8238,767.3
480000,960.00,298.22,-702.53,1.5008,50.018,480,0.1178,7.8734,767.4
485000,970.00,281.10,-699.15,1.4252,43.160,485,0.1702,5.9528,767.4
490000,980.00,214.51,-689.00,1.5094,70.473,490,0.0766,10.1419,767.1
495000,990.00,249.75,-700.64,1.4307,69.263,494,0.0496,12.3996,766.6
500000,1000.00,361.48,-704.06,1.3509,59.983,499,0.1221,7.6857,766.5
505000,1010.00,355.02,-692.26,1.4826,82.580,504,0.0748,10.2662,766.4
510000,1020.00,351.87,-688.88,1.4622,70.910,509,0.0537,12.0261,766.4
515000,1030.00,320.34,-704.12,1.4030,59.720,512,0.0601,11.3640,766.4
520000,1040.00,349.12,-703.75,1.4109,50.086,512,0.1002,8.6230,766.5
525000,1050.00,270.04,-682.21,1.4803,58.122,512,0.0712,10.4543,766.5
530000,1060.00,284.46,-702.86,1.4424,38.488,512,0.2388,3.9641,766.5
535000,1070.00,358.14,-705.12,1.4738,62.085,512,0.0617,11.2286,766.6
540000,1080.00,289.79,-701.06,1.5483,62.160,512,0.1259,7.4008,766.5
545000,1090.00,270.58,-695.41,1.3381,70.839,512,0.1063,8.3094,766.5
550000,1100.00,395.57,-703.40,1.3850,46.587,512,0.1654,5.9364,766.5
555000,1110.00,365.86,-667.44,1.4610,92.312,512,0.0998,8.6478,766.5
560000,1120.00,218.98,-704.86,1.3620,65.272,512,0.0813,9.7470,766.5
565000,1130.00,235.69,-678.02,1.3615,50.209,512,0.1687,5.8298,766.4
570000,1140.00,220.29,-708.53,1.3417,59.344,512,0.1427,6.7280,766.5
575000,1150.00,289.73,-692.02,1.5821,59.635,512,0.2072,4.7254,766.3
580000,1160.00,308.60,-694.36,1.3628,80.066,512,0.0669,10.7910,766.1
585000,1170.00,304.84,-704.25,1.5972,59.009,512,0.2538,3.6381,765.9
590000,1180.00,350.43,-701.14,1.3950,94.794,512,0.0882,9.3091,765.7
595000,1190.00,282.33,-691.47,1.3355,64.094,512,0.1347,7.0374,765.4
600000,1200.00,300.89,-698.19,1.4552,89.875,512,0.0826,9.6625,765.3
605000,1210.00,252.10,-679.00,1.4927,60.135,512,0.0739,10.2610,765.7
610000,1220.00,349.19,-699.52,1.4222,84.254,512,0.0559,11.7566,766.6
615000,1230.00,337.16,-698.72,1.4654,70.047,512,0.0535,11.9899,767.5
620000,1240.00,327.13,-693.78,1.4793,91.342,512,0.1142,7.9225,768.3
625000,1250.00,269.72,-687.39,1.5577,55.411,512,0.1624,6.0345,768.3
630000,1260.00,280.28,-688.81,1.5949,60.649,512,0.2423,3.8880,768.4
635000,1270.00,290.80,-697.02,1.4525,61.181,512,0.0563,11.7146,768.5
640000,1280.00,346.48,-689.54,1.5715,57.850,512,0.1843,5.3543,768.4
645000,1290.00,373.69,-716.30,1.4141,46.911,512,0.1249,7.4430,768.0
650000,1300.00,454.53,-704.58,1.4749,65.194,512,0.0583,11.5320,767.9
655000,1310.00,344.27,-707.31,1.4428,77.695,512,0.0521,12.1330,767.9
660000,1320.00,185.12,-714.08,1.4031,71.754,512,0.0490,12.4616,768.0
665000,1330.00,403.13,-701.36,1.4258,66.107,512,0.0488,12.4900,768.0
670000,1340.00,304.89,-694.35,1.3676,80.078,512,0.0633,11.0925,767.8
675000,1350.00,248.09,-688.17,1.3501,64.347,512,0.1021,8.5221,767.6
680000,1360.00,284.59,-688.46,1.6085,58.949,512,0.2902,2.9189,767.5
685000,1370.00,325.51,-688.06,1.4002,52.863,512,0.0894,9.2388,768.1
690000,1380.00,333.49,-688.33,1.3883,42.710,512,0.2162,4.4974,769.0
695000,1390.00,264.96,-692.19,1.4456,68.781,512,0.0497,12.3819,769.7
700000,1400.00,341.30,-707.22,1.3353,70.730,512,0.1122,8.0177,770.6
705000,1410.00,278.39,-701.50,1.3407,63.536,512,0.1246,7.4563,771.1
710000,1420.00,277.21,-685.86,1.3695,45.382,512,0.2122,4.5985,771.1
715000,1430.00,310.45,-692.01,1.5644,47.837,512,0.2626,3.4555,770.7
720000,1440.00,442.66,-689.86,1.4433,53.272,512,0.0743,10.2326,770.8
725000,1450.00,355.02,-681.87,1.4334,34.743,512,0.3498,1.9161,770.2
730000,1460.00,365.29,-681.16,1.4638,39.873,512,0.2082,4.7000,770.1
735000,1470.00,335.88,-705.46,1.4826,63.243,512,0.0637,11.0570,770.1
740000,1480.00,296.62,-688.78,1.4027,51.741,512,0.0946,8.9344,769.9
745000,1490.00,328.13,-707.00,1.3588,66.508,512,0.0828,9.6484,769.9
750000,1500.00,310.43,-690.05,1.4954,79.223,512,0.0743,10.2288,769.4
755000,1510.00,376.80,-699.55,1.4388,54.295,512,0.0707,10.4971,769.0
760000,1520.00,235.74,-704.52,1.3503,48.521,512,0.2177,4.4610,768.6
765000,1530.00,191.38,-705.83,1.3331,64.726,512,0.1382,6.8982,768.3
770000,1540.00,425.09,-699.89,1.3362,53.452,512,0.2052,4.7796,768.1
775000,1550.00,357.90,-694.07,1.3545,75.707,512,0.0736,10.2819,767.9
780000,1560.00,420.48,-702.62,1.4922,57.359,512,0.0786,9.9293,767.7
785000,1570.00,388.87,-708.34,1.3592,53.301,512,0.1433,6.7048,767.6
790000,1580.00,284.00,-702.89,1.3481,52.667,512,0.1771,5.5697,767.5
795000,1590.00,298.48,-703.21,1.3536,85.161,512,0.0872,9.3699,767.4
800000,1600.00,299.25,-669.53,1.4515,53.909,512,0.0728,10.3423,767.4
