time_s,readout_probability
0,1
2e-07,0.995728870672
4e-07,0.982999684903
6e-07,0.962033419577
8e-07,0.933193660823
1e-06,0.896979924247
1.2e-06,0.854018540658
1.4e-06,0.80505132393
1.6e-06,0.75092227697
1.8e-06,0.692562618593
2e-06,0.630974429407
2.2e-06,0.567213220852
2.4e-06,0.502369731206
2.6e-06,0.437551248602
2.8e-06,0.373862756495
3e-06,0.312388193034
3.2e-06,0.254172113111
3.4e-06,0.200202039581
3.6e-06,0.151391786939
3.8e-06,0.108566034334
4e-06,0.0724464131538
4.2e-06,0.0436393557
4.4e-06,0.0226259248461
4.6e-06,0.00975380988248
4.8e-06,0.00523163221089
5e-06,0.00912565790075
5.2e-06,0.0213589648501
5.4e-06,0.0417130629598
5.6e-06,0.0698319186913
5.8e-06,0.105228292454
6e-06,0.147292259551
6.2e-06,0.195301753211
6.4e-06,0.248434941209
6.6e-06,0.305784224888
6.8e-06,0.366371630046
7e-06,0.429165342183
7.2e-06,0.493097123445
7.4e-06,0.557080334962
7.6e-06,0.620028276617
7.8e-06,0.680872547108
8e-06,0.738581121653
8.2e-06,0.79217584368
8.4e-06,0.840749031433
8.6e-06,0.883478911155
8.8e-06,0.919643605646
9e-06,0.948633430461
9.2e-06,0.969961279171
9.4e-06,0.983270913216
9.6e-06,0.988343009804
9.8e-06,0.985098862023
1e-05,0.973601667597
1.02e-05,0.954055385625
1.04e-05,0.926801183152
1.06e-05,0.892311534845
1.08e-05,0.851182078666
1.1e-05,0.804121367825
1.12e-05,0.751938693915
1.14e-05,0.695530187806
1.16e-05,0.635863433238
1.18e-05,0.573960852916
1.2e-05,0.510882148108
1.22e-05,0.447706089998
1.24e-05,0.385511974064
1.26e-05,0.32536105719
1.28e-05,0.268278300616
1.3e-05,0.215234739677
1.32e-05,0.167130793086
1.34e-05,0.1247808099
1.36e-05,0.0888991310363
1.38e-05,0.0600879144897
1.4e-05,0.0388269396105
1.42e-05,0.0254655670226
1.44e-05,0.020216988171
1.46e-05,0.0231548537462
1.48e-05,0.0342123249925
1.5e-05,0.0531835477746
1.52e-05,0.0797275075373
1.54e-05,0.113374184782
1.56e-05,0.153532895717
1.58e-05,0.199502671067
1.6e-05,0.250484497123
1.62e-05,0.305595216103
1.64e-05,0.363882857211
1.66e-05,0.424343144988
1.68e-05,0.485936907953
1.7e-05,0.547608088829
1.72e-05,0.608302039463
1.74e-05,0.666983770456
1.76e-05,0.722655819658
1.78e-05,0.774375406603
1.8e-05,0.821270552762
1.82e-05,0.862554870429
1.84e-05,0.897540755266
1.86e-05,0.925650757396
1.88e-05,0.946426950769
1.9e-05,0.959538167627
1.92e-05,0.96478501121
1.94e-05,0.962102603109
1.96e-05,0.951561060087
1.98e-05,0.933363728336
2e-05,0.907843231254
2.02e-05,0.875455411272
2.04e-05,0.836771268782
2.06e-05,0.792467023651
2.08e-05,0.743312448698
2.1e-05,0.690157650616
2.12e-05,0.633918502002
2.14e-05,0.575560957206
2.16e-05,0.516084512726
2.18e-05,0.456505097326
2.2e-05,0.397837695377
2.22e-05,0.341079017051
2.24e-05,0.287190529483
2.26e-05,0.237082153583
2.28e-05,0.191596912563
2.3e-05,0.151496792272
2.32e-05,0.117450042316
2.34e-05,0.0900201135542
2.36e-05,0.069656394075
2.38e-05,0.0566868741139
2.4e-05,0.0513128414241
2.42e-05,0.0536056822891
2.44e-05,0.0635058387314
2.46e-05,0.0808239479783
2.48e-05,0.105244164115
2.5e-05,0.136329632527
2.52e-05,0.173530054218
2.54e-05,0.216191239298
2.56e-05,0.263566507746
2.58e-05,0.314829752712
2.6e-05,0.369089939769
2.62e-05,0.425406777268
2.64e-05,0.482807261353
2.66e-05,0.540302776228
2.68e-05,0.596906417764
2.7e-05,0.651650206798
2.72e-05,0.703601867233
2.74e-05,0.751880861877
2.76e-05,0.795673404001
2.78e-05,0.834246192536
2.8e-05,0.866958651556
2.82e-05,0.893273488135
2.84e-05,0.912765415701
2.86e-05,0.925127921601
2.88e-05,0.930177987902
2.9e-05,0.927858703655
2.92e-05,0.918239735722
2.94e-05,0.901515654631
2.96e-05,0.878002142459
2.98e-05,0.848130141756
3e-05,0.812438038206
3.02e-05,0.771562004337
3.04e-05,0.726224666521
3.06e-05,0.677222291233
3.08e-05,0.625410717831
3.1e-05,0.571690292321
3.12e-05,0.516990078308
3.14e-05,0.462251636552
3.16e-05,0.408412672316
3.18e-05,0.35639084988
3.2e-05,0.307068066177
3.22e-05,0.2612754613
3.24e-05,0.219779423391
3.26e-05,0.183268820633
3.28e-05,0.152343664856
3.3e-05,0.127505381151
3.32e-05,0.109148826801
3.34e-05,0.0975561717993
3.36e-05,0.092892722525
3.38e-05,0.0952047401233
3.4e-05,0.104419275406
3.42e-05,0.120346012532
3.44e-05,0.142681083829
3.46e-05,0.171012787766
3.48e-05,0.204829111234
3.5e-05,0.243526926446
3.52e-05,0.286422702559
3.54e-05,0.332764543763
3.56e-05,0.381745340233
3.58e-05,0.432516797366
3.6e-05,0.484204093118
3.62e-05,0.535920903898
3.64e-05,0.586784536457
3.66e-05,0.635930906423
3.68e-05,0.682529112675
3.7e-05,0.725795369703
3.72e-05,0.765006075999
3.74e-05,0.799509814417
3.76e-05,0.828738099204
3.78e-05,0.852214703728
3.8e-05,0.869563422665
3.82e-05,0.880514143108
3.84e-05,0.884907121336
3.86e-05,0.882695386773
3.88e-05,0.873945222541
3.9e-05,0.858834703321
3.92e-05,0.837650305705
3.94e-05,0.810781643028
3.96e-05,0.778714414399
3.98e-05,0.74202169458
4e-05,0.701353725519
4.02e-05,0.657426400027
4.04e-05,0.611008651964
4.06e-05,0.562908984472
4.08e-05,0.513961378484
4.1e-05,0.465010828266
4.12e-05,0.416898750446
4.14e-05,0.370448509171
4.16e-05,0.326451293987
4.18e-05,0.285652579873
4.2e-05,0.248739391052
4.22e-05,0.216328581558
4.24e-05,0.188956335383
4.26e-05,0.167069076114
4.28e-05,0.151015958929
4.3e-05,0.141043095429
4.32e-05,0.137289633104
4.34e-05,0.139785776343
4.36e-05,0.148452795212
4.38e-05,0.163105023501
4.4e-05,0.183453800794
4.42e-05,0.20911326714
4.44e-05,0.23960787604
4.46e-05,0.27438145415
4.48e-05,0.312807606213
4.5e-05,0.354201242184
4.52e-05,0.397830990459
4.54e-05,0.442932255804
4.56e-05,0.488720681667
4.58e-05,0.534405782333
4.6e-05,0.57920451906
4.62e-05,0.622354604383
4.64e-05,0.663127329086
4.66e-05,0.700839716481
4.68e-05,0.734865818698
4.7e-05,0.764646980338
4.72e-05,0.789700907063
4.74e-05,0.809629391553
4.76e-05,0.824124567757
4.78e-05,0.832973586923
4.8e-05,0.83606163574
4.82e-05,0.833373247442
4.84e-05,0.824991889921
4.86e-05,0.811097849366
4.88e-05,0.791964462028
4.9e-05,0.767952778848
4.92e-05,0.739504776381
4.94e-05,0.707135251836
4.96e-05,0.671422559453
4.98e-05,0.632998359961
5e-05,0.592536564872
5.02e-05,0.550741663692
5.04e-05,0.508336625627
5.06e-05,0.466050569008
5.08e-05,0.424606392162
5.1e-05,0.384708559156
5.12e-05,0.347031232838
5.14e-05,0.312206945444
5.16e-05,0.280815993154
5.18e-05,0.253376734352
5.2e-05,0.230336961265
5.22e-05,0.212066500285
5.24e-05,0.198851177237
5.26e-05,0.19088826018
5.28e-05,0.188283464452
5.3e-05,0.191049573563
5.32e-05,0.199106696429
5.34e-05,0.212284147878
5.36e-05,0.230323906791
5.38e-05,0.252885576065
5.4e-05,0.279552741823
5.42e-05,0.309840606576
5.44e-05,0.343204752446
5.46e-05,0.379050875889
5.48e-05,0.416745323909
5.5e-05,0.455626252841
5.52e-05,0.495015223543
5.54e-05,0.534229040839
5.56e-05,0.572591640044
5.58e-05,0.609445819492
5.6e-05,0.644164615993
5.62e-05,0.676162120761
5.64e-05,0.704903537803
5.66e-05,0.729914296032
5.68e-05,0.75078804116
5.7e-05,0.767193354147
5.72e-05,0.778879069332
5.74e-05,0.785678096467
5.76e-05,0.787509685469
5.78e-05,0.784380108853
5.8e-05,0.776381772777
5.82e-05,0.763690801469
5.84e-05,0.74656316996
5.86e-05,0.725329485645
5.88e-05,0.700388539584
5.9e-05,0.672199764022
5.92e-05,0.641274743848
5.94e-05,0.608167937706
5.96e-05,0.573466770331
5.98e-05,0.537781262304
6e-05,0.501733367535
6.02e-05,0.465946192529
6.04e-05,0.431033274668
6.06e-05,0.397588098555
6.08e-05,0.366174029069
6.1e-05,0.337314835994
6.12e-05,0.311485977126
6.14e-05,0.28910679399
6.16e-05,0.270533756624
6.18e-05,0.256054871838
6.2e-05,0.245885343737
6.22e-05,0.240164547578
6.24e-05,0.238954349598
6.26e-05,0.242238777864
6.28e-05,0.249925023741
6.3e-05,0.261845731002
6.32e-05,0.2777625105
6.34e-05,0.297370602433
6.36e-05,0.320304595123
6.38e-05,0.346145098201
6.4e-05,0.374426258149
6.42e-05,0.404643994738
6.44e-05,0.436264827462
6.46e-05,0.468735151505
6.48e-05,0.501490813509
6.5e-05,0.533966829056
6.52e-05,0.565607077234
6.54e-05,0.595873804068
6.56e-05,0.624256766654
6.58e-05,0.650281854444
6.6e-05,0.673519033301
6.62e-05,0.693589471651
6.64e-05,0.710171725679
6.66e-05,0.723006881016
6.68e-05,0.731902570711
6.7e-05,0.736735812224
6.72e-05,0.737454628692
6.74e-05,0.734078441028
6.76e-05,0.726697237103
6.78e-05,0.715469542234
6.8e-05,0.700619231833
6.82e-05,0.682431242693
6.84e-05,0.661246254736
6.86e-05,0.637454430432
6.88e-05,0.611488314895
6.9e-05,0.583815015625
6.92e-05,0.554927796728
6.94e-05,0.52533723716
6.96e-05,0.495562115294
6.98e-05,0.46612019153
7e-05,0.437519065859
7.02e-05,0.41024728731
7.04e-05,0.38476588662
7.06e-05,0.361500492446
7.08e-05,0.340834175329
7.1e-05,0.323101143633
7.12e-05,0.30858139295
7.14e-05,0.297496386551
7.16e-05,0.290005820743
7.18e-05,0.286205506661
7.2e-05,0.286126379796
7.22e-05,0.289734630922
7.24e-05,0.296932936757
7.26e-05,0.30756275526
7.28e-05,0.321407638145
7.3e-05,0.338197501102
7.32e-05,0.357613779774
7.34e-05,0.379295386129
7.36e-05,0.402845365721
7.38e-05,0.427838141627
7.4e-05,0.453827216656
7.42e-05,0.480353192687
7.44e-05,0.506951956076
7.46e-05,0.533162872104
7.48e-05,0.558536830275
7.5e-05,0.582643986415
7.52e-05,0.605081056893
7.54e-05,0.625478034275
7.56e-05,0.643504211297
7.58e-05,0.658873419933
7.6e-05,0.671348412967
7.62e-05,0.680744335706
7.64e-05,0.68693125407
7.66e-05,0.689835721792
7.68e-05,0.689441383561
7.7e-05,0.685788623062
7.72e-05,0.67897327553
7.74e-05,0.669144434488
7.76e-05,0.656501392581
7.78e-05,0.641289767415
7.8e-05,0.623796875414
7.82e-05,0.60434642969
7.84e-05,0.583292651404
7.86e-05,0.561013897096
7.88e-05,0.537905916079
7.9e-05,0.514374861081
7.92e-05,0.490830181115
7.94e-05,0.467677527386
7.96e-05,0.445311800827
7.98e-05,0.424110463862
8e-05,0.404427229766
