log10_j_ma_cm2,achiral_eta_v,conditional_chiral_eta_v
-3,0,-3.20167230914e-12
-2.98,0.00238105717329,0.00238105717009
-2.96,0.00476211434659,0.00476211434338
-2.94,0.00714317151988,0.00714317151668
-2.92,0.00952422869317,0.00952422868997
-2.9,0.0119052858665,0.0119052858633
-2.88,0.0142863430398,0.0142863430366
-2.86,0.0166674002131,0.0166674002099
-2.84,0.0190484573863,0.0190484573831
-2.82,0.0214295145596,0.0214295145564
-2.8,0.0238105717329,0.0238105717297
-2.78,0.0261916289062,0.026191628903
-2.76,0.0285726860795,0.0285726860763
-2.74,0.0309537432528,0.0309537432496
-2.72,0.0333348004261,0.0333348004229
-2.7,0.0357158575994,0.0357158575962
-2.68,0.0380969147727,0.0380969147695
-2.66,0.040477971946,0.0404779719428
-2.64,0.0428590291193,0.0428590291161
-2.62,0.0452400862926,0.0452400862894
-2.6,0.0476211434659,0.0476211434627
-2.58,0.0500022006392,0.050002200636
-2.56,0.0523832578125,0.0523832578092
-2.54,0.0547643149857,0.0547643149825
-2.52,0.057145372159,0.0571453721558
-2.5,0.0595264293323,0.0595264293291
-2.48,0.0619074865056,0.0619074865024
-2.46,0.0642885436789,0.0642885436757
-2.44,0.0666696008522,0.066669600849
-2.42,0.0690506580255,0.0690506580223
-2.4,0.0714317151988,0.0714317151956
-2.38,0.0738127723721,0.0738127723689
-2.36,0.0761938295454,0.0761938295422
-2.34,0.0785748867187,0.0785748867155
-2.32,0.080955943892,0.0809559438888
-2.3,0.0833370010653,0.0833370010621
-2.28,0.0857180582386,0.0857180582354
-2.26,0.0880991154118,0.0880991154086
-2.24,0.0904801725851,0.0904801725819
-2.22,0.0928612297584,0.0928612297552
-2.2,0.0952422869317,0.0952422869285
-2.18,0.097623344105,0.0976233441018
-2.16,0.100004401278,0.100004401275
-2.14,0.102385458452,0.102385458448
-2.12,0.104766515625,0.104766515622
-2.1,0.107147572798,0.107147572795
-2.08,0.109528629971,0.109528629968
-2.06,0.111909687145,0.111909687142
-2.04,0.114290744318,0.114290744315
-2.02,0.116671801491,0.116671801488
-2,0.119052858665,0.119052858661
-1.98,0.121433915838,0.121433915835
-1.96,0.123814973011,0.123814973008
-1.94,0.126196030185,0.126196030181
-1.92,0.128577087358,0.128577087355
-1.9,0.130958144531,0.130958144528
-1.88,0.133339201704,0.133339201701
-1.86,0.135720258878,0.135720258875
-1.84,0.138101316051,0.138101316048
-1.82,0.140482373224,0.140482373221
-1.8,0.142863430398,0.142863430394
-1.78,0.145244487571,0.145244487568
-1.76,0.147625544744,0.147625544741
-1.74,0.150006601917,0.150006601914
-1.72,0.152387659091,0.152387659088
-1.7,0.154768716264,0.154768716261
-1.68,0.157149773437,0.157149773434
-1.66,0.159530830611,0.159530830607
-1.64,0.161911887784,0.161911887781
-1.62,0.164292944957,0.164292944954
-1.6,0.166674002131,0.166674002127
-1.58,0.169055059304,0.169055059301
-1.56,0.171436116477,0.171436116474
-1.54,0.17381717365,0.173817173647
-1.52,0.176198230824,0.17619823082
-1.5,0.178579287997,0.178579287994
-1.48,0.18096034517,0.180960345167
-1.46,0.183341402344,0.18334140234
-1.44,0.185722459517,0.185722459514
-1.42,0.18810351669,0.188103516687
-1.4,0.190484573863,0.19048457386
-1.38,0.192865631037,0.192865631034
-1.36,0.19524668821,0.195246688207
-1.34,0.197627745383,0.19762774538
-1.32,0.200008802557,0.200008802553
-1.3,0.20238985973,0.202389859727
-1.28,0.204770916903,0.2047709169
-1.26,0.207151974077,0.207151974073
-1.24,0.20953303125,0.209533031247
-1.22,0.211914088423,0.21191408842
-1.2,0.214295145596,0.214295145593
-1.18,0.21667620277,0.216676202766
-1.16,0.219057259943,0.21905725994
-1.14,0.221438317116,0.221438317113
-1.12,0.22381937429,0.223819374286
-1.1,0.226200431463,0.22620043146
-1.08,0.228581488636,0.228581488633
-1.06,0.230962545809,0.230962545806
-1.04,0.233343602983,0.23334360298
-1.02,0.235724660156,0.235724660153
-1,0.238105717329,0.238105717326
-0.98,0.240486774503,0.240486774499
-0.96,0.242867831676,0.242867831673
-0.94,0.245248888849,0.245248888846
-0.92,0.247629946022,0.247629946019
-0.9,0.250011003196,0.250011003193
-0.88,0.252392060369,0.252392060366
-0.86,0.254773117542,0.254773117539
-0.84,0.257154174716,0.257154174712
-0.82,0.259535231889,0.259535231886
-0.8,0.261916289062,0.261916289059
-0.78,0.264297346236,0.264297346232
-0.76,0.266678403409,0.266678403406
-0.74,0.269059460582,0.269059460579
-0.72,0.271440517755,0.271440517752
-0.7,0.273821574929,0.273821574926
-0.68,0.276202632102,0.276202632099
-0.66,0.278583689275,0.278583689272
-0.64,0.280964746449,0.280964746445
-0.62,0.283345803622,0.283345803619
-0.6,0.285726860795,0.285726860792
-0.58,0.288107917968,0.288107917965
-0.56,0.290488975142,0.290488975139
-0.54,0.292870032315,0.292870032312
-0.52,0.295251089488,0.295251089485
-0.5,0.297632146662,0.297632146658
-0.48,0.300013203835,0.300013203832
-0.46,0.302394261008,0.302394261005
-0.44,0.304775318182,0.304775318178
-0.42,0.307156375355,0.307156375352
-0.4,0.309537432528,0.309537432525
-0.38,0.311918489701,0.311918489698
-0.36,0.314299546875,0.314299546872
-0.34,0.316680604048,0.316680604045
-0.32,0.319061661221,0.319061661218
-0.3,0.321442718395,0.321442718391
-0.28,0.323823775568,0.323823775565
-0.26,0.326204832741,0.326204832738
-0.24,0.328585889914,0.328585889911
-0.22,0.330966947088,0.330966947085
-0.2,0.333348004261,0.333348004258
-0.18,0.335729061434,0.335729061431
-0.16,0.338110118608,0.338110118604
-0.14,0.340491175781,0.340491175778
-0.12,0.342872232954,0.342872232951
-0.1,0.345253290128,0.345253290124
-0.08,0.347634347301,0.347634347298
-0.06,0.350015404474,0.350015404471
-0.04,0.352396461647,0.352396461644
-0.02,0.354777518821,0.354777518817
0,0.357158575994,0.357158575991
0.02,0.359539633167,0.359539633164
0.04,0.361920690341,0.361920690337
0.06,0.364301747514,0.364301747511
0.08,0.366682804687,0.366682804684
0.1,0.36906386186,0.369063861857
0.12,0.371444919034,0.371444919031
0.14,0.373825976207,0.373825976204
0.16,0.37620703338,0.376207033377
0.18,0.378588090554,0.37858809055
0.2,0.380969147727,0.380969147724
0.22,0.3833502049,0.383350204897
0.24,0.385731262074,0.38573126207
0.26,0.388112319247,0.388112319244
0.28,0.39049337642,0.390493376417
0.3,0.392874433593,0.39287443359
0.32,0.395255490767,0.395255490763
0.34,0.39763654794,0.397636547937
0.36,0.400017605113,0.40001760511
0.38,0.402398662287,0.402398662283
0.4,0.40477971946,0.404779719457
0.42,0.407160776633,0.40716077663
0.44,0.409541833806,0.409541833803
0.46,0.41192289098,0.411922890977
0.48,0.414303948153,0.41430394815
0.5,0.416685005326,0.416685005323
0.52,0.4190660625,0.419066062496
0.54,0.421447119673,0.42144711967
0.56,0.423828176846,0.423828176843
0.58,0.426209234019,0.426209234016
0.6,0.428590291193,0.42859029119
0.62,0.430971348366,0.430971348363
0.64,0.433352405539,0.433352405536
0.66,0.435733462713,0.435733462709
0.68,0.438114519886,0.438114519883
0.7,0.440495577059,0.440495577056
0.72,0.442876634233,0.442876634229
0.74,0.445257691406,0.445257691403
0.76,0.447638748579,0.447638748576
0.78,0.450019805752,0.450019805749
0.8,0.452400862926,0.452400862923
0.82,0.454781920099,0.454781920096
0.84,0.457162977272,0.457162977269
0.86,0.459544034446,0.459544034442
0.88,0.461925091619,0.461925091616
0.9,0.464306148792,0.464306148789
0.92,0.466687205965,0.466687205962
0.94,0.469068263139,0.469068263136
0.96,0.471449320312,0.471449320309
0.98,0.473830377485,0.473830377482
1,0.476211434659,0.476211434655
1.02,0.478592491832,0.478592491829
1.04,0.480973549005,0.480973549002
1.06,0.483354606179,0.483354606175
1.08,0.485735663352,0.485735663349
1.1,0.488116720525,0.488116720522
1.12,0.490497777698,0.490497777695
1.14,0.492878834872,0.492878834868
1.16,0.495259892045,0.495259892042
1.18,0.497640949218,0.497640949215
1.2,0.500022006392,0.500022006388
1.22,0.502403063565,0.502403063562
1.24,0.504784120738,0.504784120735
1.26,0.507165177911,0.507165177908
1.28,0.509546235085,0.509546235082
1.3,0.511927292258,0.511927292255
1.32,0.514308349431,0.514308349428
1.34,0.516689406605,0.516689406601
1.36,0.519070463778,0.519070463775
1.38,0.521451520951,0.521451520948
1.4,0.523832578125,0.523832578121
1.42,0.526213635298,0.526213635295
1.44,0.528594692471,0.528594692468
1.46,0.530975749644,0.530975749641
1.48,0.533356806818,0.533356806814
1.5,0.535737863991,0.535737863988
1.52,0.538118921164,0.538118921161
1.54,0.540499978338,0.540499978334
1.56,0.542881035511,0.542881035508
1.58,0.545262092684,0.545262092681
1.6,0.547643149857,0.547643149854
1.62,0.550024207031,0.550024207028
1.64,0.552405264204,0.552405264201
1.66,0.554786321377,0.554786321374
1.68,0.557167378551,0.557167378547
1.7,0.559548435724,0.559548435721
1.72,0.561929492897,0.561929492894
1.74,0.56431055007,0.564310550067
1.76,0.566691607244,0.566691607241
1.78,0.569072664417,0.569072664414
1.8,0.57145372159,0.571453721587
1.82,0.573834778764,0.57383477876
1.84,0.576215835937,0.576215835934
1.86,0.57859689311,0.578596893107
1.88,0.580977950284,0.58097795028
1.9,0.583359007457,0.583359007454
1.92,0.58574006463,0.585740064627
1.94,0.588121121803,0.5881211218
1.96,0.590502178977,0.590502178974
1.98,0.59288323615,0.592883236147
2,0.595264293323,0.59526429332
