energy_ev,D_Tup,D_Tdown,L_Tup,L_Tdown,D_Px,D_Py,D_Pz,L_Px,L_Py,L_Pz,single_Pz,zero_SOC_Pz,flux_deficit
-1,0.434932586426,0.434926592533,0.434926592533,0.434932586426,3.74164447163e-06,-2.60917530417e-06,6.89064738933e-06,-3.7416444716e-06,-2.60917530416e-06,-6.89064738898e-06,1.49510112088e-15,0,8.49725689811e-09
-0.995,0.460165993272,0.46015949158,0.46015949158,0.460165993272,3.82448132621e-06,-2.63656907356e-06,7.06455680796e-06,-3.82448132619e-06,-2.63656907356e-06,-7.0645568072e-06,7.96556775719e-17,0,8.94845730848e-09
-0.99,0.499864989807,0.49985774764,0.49985774764,0.499864989807,3.90974535153e-06,-2.66388621162e-06,7.24417510429e-06,-3.90974535154e-06,-2.66388621164e-06,-7.24417510343e-06,1.06620940993e-15,0,9.66932023339e-09
-0.985,0.555614633648,0.555606377576,0.555606377576,0.555614633648,3.9975241656e-06,-2.69108609527e-06,7.42972987096e-06,-3.99752416559e-06,-2.69108609529e-06,-7.42972986976e-06,0,0,1.06790709609e-08
-0.98,0.62857658342,0.628567002153,0.628567002153,0.62857658342,4.08790874513e-06,-2.71812391289e-06,7.62145835635e-06,-4.08790874514e-06,-2.71812391288e-06,-7.62145835752e-06,2.76132705085e-16,0,1.19864549397e-08
-0.975,0.717708479834,0.717697255524,0.717697255524,0.717708479834,4.18099349321e-06,-2.74495024889e-06,7.81960771823e-06,-4.18099349324e-06,-2.74495024889e-06,-7.81960771869e-06,1.81535088016e-15,0,1.35562441272e-08
-0.97,0.816760563819,0.81674745584,0.81674745584,0.816760563819,4.27687629103e-06,-2.771510624e-06,8.02443523258e-06,-4.27687629102e-06,-2.77151062404e-06,-8.02443522936e-06,1.13071412328e-15,0,1.52559755939e-08
-0.965,0.911153431927,0.911138423151,0.911138423151,0.911153431927,4.37565852737e-06,-2.7977449855e-06,8.23620844917e-06,-4.37565852737e-06,-2.79774498553e-06,-8.23620844953e-06,-6.75187494089e-17,0,1.68061180528e-08
-0.96,0.978832140999,0.978815588685,0.978815588685,0.978832140999,4.47744510138e-06,-2.82358714239e-06,8.45520528652e-06,-4.47744510139e-06,-2.8235871424e-06,-8.45520528615e-06,-8.40535914335e-16,0,1.78087702363e-08
-0.955,0.99968739239,0.999670034541,0.999670034541,0.99968739239,4.58234438891e-06,-2.84896413812e-06,8.68171400242e-06,-4.58234438891e-06,-2.84896413812e-06,-8.68171400287e-06,-2.95649773994e-16,0,1.79285928326e-08
-0.95,0.968982811796,0.968965532984,0.968965532984,0.968982811796,4.69046816325e-06,-2.87379555434e-06,8.9160330645e-06,-4.69046816323e-06,-2.87379555438e-06,-8.91603306316e-06,1.63357441125e-15,0,1.7126764007e-08
-0.945,0.900522941491,0.900506446816,0.900506446816,0.900522941491,4.80193145789e-06,-2.89799273647e-06,9.15847083366e-06,-4.80193145787e-06,-2.89799273647e-06,-9.15847083335e-06,-1.75631121025e-15,0,1.56918205096e-08
-0.94,0.815923407885,0.81590805342,0.81590805342,0.815923407885,4.91685235543e-06,-2.92145793252e-06,9.40934505982e-06,-4.9168523554e-06,-2.92145793251e-06,-9.40934506065e-06,4.98622540505e-16,0,1.40280265182e-08
-0.935,0.732778134609,0.732763964309,0.732763964309,0.732778134609,5.03535168305e-06,-2.94408333425e-06,9.66898208768e-06,-5.03535168303e-06,-2.94408333425e-06,-9.66898208666e-06,-2.26688539326e-16,0,1.24455119543e-08
-0.93,0.660717150783,0.660704018875,0.660704018875,0.660717150783,5.15755259002e-06,-2.96575000923e-06,9.93771573004e-06,-5.15755259002e-06,-2.96575000925e-06,-9.93771572974e-06,6.06247227268e-16,0,1.11019722304e-08
-0.925,0.603176205047,0.603163881215,0.603163881215,0.603176205047,5.28357997569e-06,-2.98632671095e-06,1.02158856959e-05,-5.28357997569e-06,-2.986326711e-06,-1.02158856947e-05,2.82224495165e-16,0,1.00436836625e-08
-0.92,0.560303068233,0.560291297695,0.560291297695,0.560303068233,5.41355972828e-06,-3.00566855214e-06,1.0503835452e-05,-5.41355972831e-06,-3.00566855219e-06,-1.05038354518e-05,5.83139706773e-16,0,9.26109566812e-09
-0.915,0.531007443505,0.53099597184,0.53099597184,0.531007443505,5.54761772368e-06,-3.02361552622e-06,1.08019093777e-05,-5.5476177237e-06,-3.02361552622e-06,-1.08019093769e-05,0,0,8.72576721989e-09
-0.91,0.514031063707,0.514019641602,0.514019641602,0.514031063707,5.68587851903e-06,-3.03999085909e-06,1.11104489801e-05,-5.68587851904e-06,-3.0399908591e-06,-1.11104489805e-05,-1.17428392522e-15,0,8.40861624773e-09
-0.905,0.508404880732,0.508393258945,0.508393258945,0.508404880732,5.82846365679e-06,-3.05459917404e-06,1.14297879383e-05,-5.82846365679e-06,-3.05459917412e-06,-1.14297879364e-05,1.63290155291e-16,0,8.28710988721e-09
-0.9,0.51359863965,0.5135865597,0.5135865597,0.51359863965,5.97548947035e-06,-3.06722444954e-06,1.1760245608e-05,-5.97548947034e-06,-3.06722444951e-06,-1.17602456085e-05,6.38281486569e-16,0,8.34711944009e-09
-0.895,0.52952581709,0.529513000477,0.529513000477,0.52952581709,6.12706424717e-06,-3.07762775219e-06,1.21021185667e-05,-6.12706424719e-06,-3.0776277522e-06,-1.21021185661e-05,7.72957965959e-16,0,8.58241566704e-09
-0.89,0.556461677912,0.556447815879,0.556447815879,0.556461677912,6.28328456199e-06,-3.08554472698e-06,1.24556695586e-05,-6.28328456199e-06,-3.08554472697e-06,-1.24556695592e-05,2.52371676802e-15,0,8.99280871991e-09
-0.885,0.594861764893,0.594846511509,0.594846511509,0.594861764893,6.44423052807e-06,-3.09068283057e-06,1.28211131049e-05,-6.44423052809e-06,-3.09068283058e-06,-1.28211131037e-05,-3.92488716167e-16,0,9.58080859093e-09
-0.88,0.645014293306,0.644997266964,0.644997266964,0.645014293306,6.60995963034e-06,-3.09271830168e-06,1.31985966506e-05,-6.60995963029e-06,-3.09271830167e-06,-1.31985966503e-05,1.68674104077e-15,0,1.03457389322e-08
-0.875,0.70642350888,0.706404311127,0.706404311127,0.70642350888,6.78049868312e-06,-3.09129287467e-06,1.35881758437e-05,-6.78049868313e-06,-3.0912928747e-06,-1.35881758431e-05,-3.4312589716e-16,0,1.1273876499e-08
-0.87,0.776848394218,0.776826658643,0.776826658643,0.776848394218,6.95583328647e-06,-3.08601026522e-06,1.39897819207e-05,-6.95583328648e-06,-3.08601026529e-06,-1.39897819206e-05,6.12866004784e-16,0,1.23237033911e-08
-0.865,0.851128578316,0.851104060756,0.851104060756,0.851128578316,7.13589390919e-06,-3.07643249475e-06,1.44031784498e-05,-7.13589390916e-06,-3.07643249474e-06,-1.440317845e-05,1.14116260472e-15,0,1.3408793631e-08
-0.86,0.920439084808,0.920411788849,0.920411788849,0.920439084808,7.32053737298e-06,-3.06207618244e-06,1.48279035127e-05,-7.32053737297e-06,-3.06207618245e-06,-1.48279035128e-05,4.1555823732e-16,0,1.43887182169e-08
-0.855,0.973214967107,0.973185258827,0.973185258827,0.973214967107,7.50952198267e-06,-3.04240903644e-06,1.5263191762e-05,-7.50952198267e-06,-3.04240903644e-06,-1.52631917614e-05,-4.09623898442e-16,0,1.50866823478e-08
-0.85,0.998678527876,0.998647154147,0.998647154147,0.998678527876,7.70247374875e-06,-3.01684694305e-06,1.57078682488e-05,-7.70247374873e-06,-3.01684694308e-06,-1.57078682478e-05,1.25356867578e-15,0,1.53462353936e-08
-0.845,0.991717049558,0.99168499738,0.99168499738,0.991717049558,7.89883991339e-06,-2.98475233586e-06,1.61602020774e-05,-7.89883991336e-06,-2.98475233587e-06,-1.61602020766e-05,4.44335053796e-16,0,1.51046890551e-08
-0.84,0.955513230989,0.955481474648,0.955481474648,0.955513230989,8.09782404004e-06,-2.9454349944e-06,1.66177018341e-05,-8.09782404003e-06,-2.94543499442e-06,-1.66177018332e-05,-5.59425775559e-16,0,1.4427616879e-08
-0.835,0.899601497416,0.899570773266,0.899570773266,0.899601497416,8.29829375481e-06,-2.89815722854e-06,1.70768250327e-05,-8.29829375482e-06,-2.89815722854e-06,-1.70768250335e-05,-6.74048304048e-17,0,1.34726232393e-08
-0.83,0.835214908912,0.835185622518,0.835185622518,0.835214908912,8.49864692773e-06,-2.84214680447e-06,1.75325576314e-05,-8.49864692775e-06,-2.84214680442e-06,-1.75325576322e-05,0,0,1.24154959646e-08
-0.825,0.771521212726,0.771493472728,0.771493472728,0.771521212726,8.696612921e-06,-2.77662347284e-06,1.79777922888e-05,-8.69661292098e-06,-2.77662347282e-06,-1.79777922883e-05,-2.88346438767e-16,0,1.13941769353e-08
-0.82,0.71431181453,0.71428552493,0.71428552493,0.71431181453,8.88894908837e-06,-2.7008495727e-06,1.84023856078e-05,-8.88894908834e-06,-2.70084957269e-06,-1.84023856082e-05,1.42417853107e-16,0,1.04918793653e-08
-0.815,0.666452603649,0.666427556583,0.666427556583,0.666452603649,9.07096189589e-06,-2.61422400381e-06,1.87916859319e-05,-9.07096189583e-06,-2.6142240038e-06,-1.87916859317e-05,6.83303016364e-17,0,9.74649849717e-09
-0.81,0.628908911348,0.628884857107,0.628884857107,0.628908911348,9.23572130893e-06,-2.51645647177e-06,1.91241533203e-05,-9.23572130893e-06,-2.51645647178e-06,-1.91241533205e-05,1.33953370251e-15,0,9.16755116265e-09
-0.805,0.601656203315,0.601632898793,0.601632898793,0.601656203315,9.37271014929e-06,-2.40789601914e-06,1.93673502234e-05,-9.37271014932e-06,-2.40789601912e-06,-1.93673502236e-05,-2.90244409674e-16,0,8.75047145854e-09
-0.8,0.584287217943,0.584264465254,0.584264465254,0.584287217943,9.46536535905e-06,-2.29017127783e-06,1.94708453699e-05,-9.46536535905e-06,-2.29017127785e-06,-1.94708453696e-05,1.13661128473e-15,0,8.48584913449e-09
-0.795,0.576354543589,0.576332235784,0.576332235784,0.576354543589,9.48627185772e-06,-2.16750316464e-06,1.93528770217e-05,-9.48627185765e-06,-2.16750316461e-06,-1.9352877021e-05,5.42492499237e-16,0,8.36451019559e-09
-0.79,0.577535920524,0.577514120846,0.577514120846,0.577535920524,9.38687332504e-06,-2.04959927112e-06,1.88733621384e-05,-9.38687332503e-06,-2.04959927113e-06,-1.88733621378e-05,-7.84540127399e-17,0,8.38006530834e-09
-0.785,0.587690418656,0.587669527815,0.587669527815,0.587690418656,9.07262084086e-06,-1.95873011111e-06,1.7773994719e-05,-9.07262084083e-06,-1.95873011107e-06,-1.77739947189e-05,4.10356451134e-16,0,8.53035819759e-09
-0.78,0.606842965768,0.606824118401,0.606824118401,0.606842965768,8.33189866974e-06,-1.9498412799e-06,1.55292731323e-05,-8.33189866977e-06,-1.94984127987e-06,-1.55292731313e-05,1.52404747534e-15,0,8.8198430781e-09
-0.775,0.635114810182,0.635100927195,0.635100927195,0.635114810182,6.57268783575e-06,-2.18281082347e-06,1.09296288205e-05,-6.57268783581e-06,-2.18281082351e-06,-1.092962882e-05,1.30238637693e-15,0,9.2717500344e-09
-0.77,0.672670060906,0.672668383551,0.672668383551,0.672670060906,1.25845074257e-06,-3.31669491023e-06,1.24679014815e-06,-1.25845074262e-06,-3.31669491028e-06,-1.24679014733e-06,1.27786723828e-15,0,1.00416908122e-08
-0.765,0.723182654855,0.72284128137,0.72284128137,0.723182654855,-5.73551794042e-05,-1.16633981327e-05,0.00023607734085,5.73551794048e-05,-1.16633981321e-05,-0.000236077340849,1.15310939241e-16,0,2.08499630894e-08
-0.76,0.76906882473,0.768827195283,0.768827195283,0.76906882473,3.41850089014e-05,9.11573910152e-06,0.00015711689493,-3.41850089017e-05,9.11573910179e-06,-0.000157116894929,-5.00385801416e-16,0,1.19531167186e-08
-0.755,0.827663112085,0.827528542353,0.827528542353,0.827663112085,2.36455520172e-05,5.55582112051e-06,8.13016013956e-05,-2.36455520172e-05,5.55582112031e-06,-8.13016013951e-05,5.5729248839e-16,0,1.20064040932e-08
-0.75,0.886094180153,0.885977231949,0.885977231949,0.886094180153,2.0887351996e-05,5.40285082742e-06,6.59951986295e-05,-2.0887351996e-05,5.40285082738e-06,-6.59951986283e-05,5.47880286999e-16,0,1.26890307151e-08
-0.745,0.93860155397,0.938488074766,0.938488074766,0.93860155397,1.96876307695e-05,6.06862636967e-06,6.0454867381e-05,-1.96876307695e-05,6.06862636964e-06,-6.04548673799e-05,-1.66363665974e-15,0,1.33521931289e-08
-0.74,0.978083430664,0.977969429126,0.977969429126,0.978083430664,1.89844032929e-05,7.23014125276e-06,5.82814197825e-05,-1.8984403293e-05,7.23014125268e-06,-5.8281419782e-05,6.76990206642e-16,0,1.38490088286e-08
-0.735,0.998264052129,0.998148706597,0.998148706597,0.998264052129,1.83945824948e-05,8.8727514909e-06,5.77763946413e-05,-1.83945824948e-05,8.87275149088e-06,-5.77763946406e-05,-1.0495893336e-16,0,1.40888045674e-08
-0.73,0.995942259051,0.995825823899,0.995825823899,0.995942259051,1.76747645472e-05,1.1111013378e-05,5.84581876848e-05,-1.76747645472e-05,1.11110133779e-05,-5.84581876838e-05,7.81480828261e-16,0,1.40354914357e-08
-0.725,0.972266679152,0.97214894968,0.97214894968,0.972266679152,1.65603435198e-05,1.41985350975e-05,6.0547482726e-05,-1.65603435198e-05,1.41985350974e-05,-6.05474827249e-05,-1.74382138363e-16,0,1.37199311911e-08
-0.72,0.932181276641,0.932059310865,0.932059310865,0.932181276641,1.46321521981e-05,1.8644793694e-05,6.54238392051e-05,-1.46321521982e-05,1.86447936939e-05,-6.54238392035e-05,-7.70168686458e-16,0,1.32351325455e-08
-0.715,0.882476552326,0.882338844719,0.882338844719,0.882476552326,1.10506647922e-05,2.55758063137e-05,7.80294683498e-05,-1.10506647921e-05,2.55758063137e-05,-7.80294683499e-05,1.18223216374e-15,0,1.27280355144e-08
-0.71,0.82974024056,0.829543368005,0.829543368005,0.82974024056,3.74204206941e-06,3.80351935687e-05,0.000118649128732,-3.74204206937e-06,3.80351935689e-05,-0.000118649128732,6.35497256091e-16,0,1.24548673597e-08
-0.705,0.779373673742,0.778889165156,0.778889165156,0.779373673742,-1.42056317061e-05,6.79978115846e-05,0.000310928665931,1.42056317058e-05,6.79978115844e-05,-0.000310928665929,-1.10716868231e-15,0,1.33133226665e-08
-0.7,0.743176897923,0.738840746198,0.738840746198,0.743176897923,-8.45948878203e-05,0.000239831698913,0.00292584352283,8.45948878208e-05,0.000239831698914,-0.00292584352283,1.04154750412e-15,0,2.80210632475e-08
-0.695,0.742990231936,0.730487850213,0.730487850213,0.742990231936,0.000302840922434,6.61764588833e-06,0.00848494583973,-0.000302840922435,6.61764588803e-06,-0.00848494583973,3.85548102297e-16,0,4.42465299955e-08
-0.69,0.674168971808,0.672415453485,0.672415453485,0.674168971808,0.00012005479122,-3.17521764495e-05,0.001302197092,-0.000120054791219,-3.17521764494e-05,-0.00130219709199,6.16068092753e-16,0,1.25541237406e-08
-0.685,0.648924007534,0.64796627039,0.64796627039,0.648924007534,9.45629194246e-05,-1.572099843e-05,0.000738487411017,-9.45629194246e-05,-1.57209984301e-05,-0.000738487411015,7.96391492499e-17,0,1.0352289026e-08
-0.68,0.634179482645,0.633421710355,0.633421710355,0.634179482645,8.77584795556e-05,-4.11103646957e-06,0.000597800234764,-8.77584795556e-05,-4.11103646967e-06,-0.000597800234764,2.87462924975e-16,0,9.77547798264e-09
-0.675,0.628084832973,0.627365610913,0.627365610913,0.628084832973,8.77104061299e-05,6.44767166761e-06,0.000572879689226,-8.77104061299e-05,6.44767166761e-06,-0.000572879689225,6.52124208392e-16,0,9.67114344164e-09
-0.67,0.630246087943,0.629474626226,0.629474626226,0.630246087943,9.18815122916e-05,1.81743720347e-05,0.000612406946891,-9.18815122917e-05,1.81743720348e-05,-0.00061240694689,1.02170322282e-15,0,9.86035475492e-09
-0.665,0.640703856288,0.639783545937,0.639783545937,0.640703856288,0.000100154035555,3.33661991057e-05,0.000718718785475,-0.000100154035555,3.33661991057e-05,-0.000718718785473,5.11404362255e-16,0,1.03465822576e-08
-0.66,0.659962082875,0.658730146728,0.658730146728,0.659962082875,0.000114093281513,5.58500096365e-05,0.000934210515085,-0.000114093281513,5.58500096365e-05,-0.000934210515084,1.44381620332e-15,0,1.12565659016e-08
-0.655,0.689654559301,0.687737461577,0.687737461577,0.689654559301,0.000138372845725,9.42876275902e-05,0.00139183158857,-0.000138372845725,9.42876275902e-05,-0.00139183158857,8.43468997475e-16,0,1.29895174616e-08
-0.65,0.73611833121,0.732347522854,0.732347522854,0.73611833121,0.00018758181116,0.000174449096256,0.00256785566036,-0.00018758181116,0.000174449096256,-0.00256785566036,1.11695769501e-15,0,1.70072667061e-08
-0.645,0.83981758607,0.828197155519,0.828197155519,0.83981758607,0.000323752541916,0.00040590275647,0.00696662341203,-0.000323752541917,0.000405902756469,-0.00696662341203,-3.77639088164e-16,0,3.18694843848e-08
-0.64,1.57051375617,1.48103471128,1.48103471128,1.57051375617,0.000732367556236,0.00112862385266,0.0293225048998,-0.000732367556236,0.00112862385266,-0.0293225048998,6.14957945202e-16,0,1.64329255536e-07
-0.635,1.10450017989,1.0764632172,1.0764632172,1.10450017989,0.000181898848657,0.000154927564813,0.0128553109732,-0.000181898848657,0.000154927564813,-0.0128553109732,1.11782365961e-15,0,5.39691220602e-08
-0.63,0.972824279937,0.964449926711,0.964449926711,0.972824279937,7.16186221431e-05,-6.1023359166e-05,0.00432275059343,-7.16186221433e-05,-6.10233591663e-05,-0.00432275059343,-4.8628474386e-16,0,2.30429784143e-08
-0.625,0.984007980188,0.97921581267,0.97921581267,0.984007980188,7.24288579793e-05,-8.05102697493e-05,0.00244096854125,-7.24288579794e-05,-8.05102697494e-05,-0.00244096854125,8.74298444371e-16,0,1.81175365821e-08
-0.62,1.01076920685,1.0070126327,1.0070126327,1.01076920685,8.84292503383e-05,-7.65926020697e-05,0.00186173454091,-8.8429250338e-05,-7.65926020695e-05,-0.00186173454091,3.72877698674e-16,0,1.70004987865e-08
-0.615,1.03271079201,1.0291621365,1.0291621365,1.03271079201,0.000110649491758,-6.77055473643e-05,0.00172108351533,-0.000110649491759,-6.77055473643e-05,-0.00172108351533,9.80231306032e-17,0,1.69304161801e-08
-0.61,1.04381557625,1.04000899597,1.04000899597,1.04381557625,0.000139779585308,-5.5708093785e-05,0.00182672780329,-0.000139779585308,-5.57080937852e-05,-0.00182672780329,6.0916886764e-16,0,1.73208816179e-08
-0.605,1.04470311987,1.04018105752,1.04018105752,1.04470311987,0.000179548255371,-3.85596629784e-05,0.00216897532941,-0.000179548255371,-3.85596629785e-05,-0.00216897532941,0,0,1.81664834287e-08
-0.6,1.04326455575,1.03732042549,1.03732042549,1.04326455575,0.000236901124459,-1.07796828329e-05,0.00285695144004,-0.000236901124459,-1.07796828329e-05,-0.00285695144004,-4.15561470403e-16,0,1.98987484268e-08
-0.595,1.06069752017,1.05187169257,1.05187169257,1.06069752017,0.000323033157048,3.99610267114e-05,0.00417776967833,-0.000323033157048,3.99610267113e-05,-0.00417776967832,-4.10579972249e-16,0,2.37930306568e-08
-0.59,1.15609385209,1.14073388896,1.14073388896,1.15609385209,0.000444996341445,0.000138531940267,0.00668746848655,-0.000444996341445,0.000138531940267,-0.00668746848655,0,0,3.35897603065e-08
-0.585,1.48504284042,1.45463835366,1.45463835366,1.48504284042,0.000529962393826,0.000293588544662,0.0103427837092,-0.000529962393826,0.000293588544662,-0.0103427837092,8.62590021759e-16,0,5.83247050656e-08
-0.58,1.78146247843,1.74336291042,1.74336291042,1.78146247843,0.000348825651348,0.00033975490029,0.0108089235087,-0.000348825651348,0.00033975490029,-0.0108089235087,-4.5388563083e-16,0,7.47272843604e-08
-0.575,1.3521476719,1.33335035042,1.33335035042,1.3521476719,7.61844475144e-05,0.000202620748297,0.00699956630957,-7.61844475144e-05,0.000202620748297,-0.00699956630957,5.95257020213e-16,0,4.42345116092e-08
-0.57,1.05474750544,1.04616908788,1.04616908788,1.05474750544,-4.53007131854e-05,8.39377245643e-05,0.0040831785444,4.53007131853e-05,8.39377245642e-05,-0.0040831785444,1.57993191493e-16,0,2.64186388321e-08
-0.565,0.918169090513,0.913399432768,0.913399432768,0.918169090513,-8.13083603291e-05,1.79440690934e-05,0.00260413830247,8.13083603291e-05,1.79440690934e-05,-0.00260413830247,0,0,1.93340310428e-08
-0.56,0.850538515842,0.84735343243,0.84735343243,0.850538515842,-8.77935907244e-05,-1.8781480395e-05,0.00187590465676,8.77935907242e-05,-1.87814803951e-05,-0.00187590465676,1.14802721747e-15,0,1.62655058311e-08
-0.555,0.818193776559,0.815710379799,0.815710379799,0.818193776559,-8.4628532411e-05,-4.07042399105e-05,0.00151991581059,8.46285324109e-05,-4.07042399107e-05,-0.00151991581059,9.41979955973e-16,0,1.49473640132e-08
-0.55,0.809624399979,0.807405782459,0.807405782459,0.809624399979,-7.84748121261e-05,-5.4303536922e-05,0.00137203222542,7.84748121261e-05,-5.4303536922e-05,-0.00137203222542,4.72888304953e-16,0,1.46167327131e-08
-0.545,0.821911514661,0.819670227999,0.819670227999,0.821911514661,-7.17649488773e-05,-6.2040741026e-05,0.0013653213876,7.17649488772e-05,-6.2040741026e-05,-0.0013653213876,6.79965013619e-16,0,1.50395376153e-08
-0.54,0.857207301149,0.854673569951,0.854673569951,0.857207301149,-6.56559473861e-05,-6.39766699743e-05,0.00148008616723,6.56559473861e-05,-6.39766699743e-05,-0.00148008616723,1.16696002333e-15,0,1.62438269502e-08
-0.535,0.923117079312,0.919939581589,0.919939581589,0.923117079312,-6.12040076739e-05,-5.79781719692e-05,0.0017240369164,6.12040076738e-05,-5.79781719691e-05,-0.0017240369164,9.495165144e-16,0,1.84851762786e-08
-0.53,1.0356906817,1.03131059308,1.03131059308,1.0356906817,-6.01336575578e-05,-3.91740393404e-05,0.00211905462818,6.0133657558e-05,-3.91740393404e-05,-0.00211905462818,6.32021877466e-16,0,2.23237872632e-08
-0.525,1.22248581747,1.21597649631,1.21597649631,1.22248581747,-6.54802955913e-05,7.19720268573e-08,0.00266943684862,6.54802955913e-05,7.19720268104e-08,-0.00266943684861,-7.83087786291e-16,0,2.86707995123e-08
-0.52,1.50265853727,1.49284582166,1.49284582166,1.50265853727,-8.09820401088e-05,6.51550824971e-05,0.00327581416451,8.09820401087e-05,6.51550824969e-05,-0.0032758141645,-6.39885712304e-17,0,3.78979585491e-08
-0.515,1.77337686282,1.76051018757,1.76051018757,1.77337686282,-0.000106236637177,0.000143467634648,0.00364094128068,0.000106236637177,0.000143467634648,-0.00364094128068,6.84477483494e-16,0,4.56880209221e-08
-0.51,1.79124191431,1.77885934121,1.77885934121,1.79124191431,-0.000131118605521,0.000198269514748,0.0034684094981,0.000131118605521,0.000198269514748,-0.0034684094981,3.66585083852e-16,0,4.35671250187e-08
-0.505,1.61603803815,1.60676865534,1.60676865534,1.61603803815,-0.000144693460833,0.00020695368081,0.00287618330467,0.000144693460834,0.00020695368081,-0.00287618330467,4.69687969618e-16,0,3.50824018724e-08
-0.5,1.45953165346,1.45306840915,1.45306840915,1.45953165346,-0.000147019738067,0.000183405560982,0.00221906343637,0.000147019738067,0.000183405560982,-0.00221906343637,1.07936508395e-15,0,2.80904384198e-08
-0.495,1.36748742387,1.36287137697,1.36287137697,1.36748742387,-0.000143763966139,0.000149079348568,0.0016906374713,0.000143763966139,0.000149079348568,-0.00169063747129,-7.85392138892e-16,0,2.38914519279e-08
-0.49,1.31761737161,1.31415663358,1.31415663358,1.31761737161,-0.00013914739136,0.000115150757649,0.00131498298297,0.00013914739136,0.000115150757649,-0.00131498298297,1.81481741263e-16,0,2.15293836092e-08
-0.485,1.28781981752,1.28509185135,1.28509185135,1.28781981752,-0.00013513625931,8.49315244904e-05,0.00106026421441,0.00013513625931,8.49315244905e-05,-0.00106026421441,-6.52761424287e-16,0,2.01906473762e-08
-0.48,1.26553855834,1.26328196819,1.26328196819,1.26553855834,-0.000132491501966,5.85625614726e-05,0.00089234887425,0.000132491501966,5.85625614727e-05,-0.000892348874249,-6.62611532398e-16,0,1.94239579976e-08
-0.475,1.24594484345,1.24398589867,1.24398589867,1.24594484345,-0.00013150936635,3.53271023649e-05,0.000786746694128,0.00013150936635,3.5327102365e-05,-0.000786746694128,1.04381147075e-15,0,1.90227442687e-08
-0.47,1.22972499757,1.22793579254,1.22793579254,1.22972499757,-0.000132354400529,1.45017441716e-05,0.000728011382782,0.000132354400529,1.45017441716e-05,-0.000728011382782,5.6371128018e-16,0,1.89327722389e-08
-0.465,1.22148282798,1.21975676531,1.21975676531,1.22148282798,-0.000135174281852,-4.32436340198e-06,0.000707043535139,0.000135174281852,-4.32436340197e-06,-0.000707043535139,-2.75725622458e-16,0,1.92010727318e-08
-0.46,1.22874106155,1.22697664642,1.22697664642,1.22874106155,-0.000140091063367,-2.10441990836e-05,0.000718492651109,0.000140091063367,-2.10441990836e-05,-0.000718492651108,8.88951875667e-17,0,1.99507557141e-08
-0.455,1.26136653808,1.25945560565,1.25945560565,1.26136653808,-0.000147074432855,-3.47956211987e-05,0.000758059203699,0.000147074432855,-3.47956211988e-05,-0.000758059203698,5.95692705173e-16,0,2.13661959236e-08
-0.45,1.3303011269,1.32812390945,1.32812390945,1.3303011269,-0.000155663515522,-4.37405630227e-05,0.000818987717563,0.000155663515522,-4.37405630227e-05,-0.000818987717562,-2.42245913492e-16,0,2.36531967346e-08
-0.445,1.44178628597,1.43922851123,1.43922851123,1.44178628597,-0.000164577469695,-4.52040732864e-05,0.00088780340155,0.000164577469695,-4.52040732865e-05,-0.00088780340155,-9.1320461884e-16,0,2.68757553989e-08
-0.44,1.58005904421,1.57708430297,1.57708430297,1.58005904421,-0.000171553688269,-3.68067802117e-05,0.000942225585163,0.000171553688269,-3.68067802117e-05,-0.000942225585163,4.99956020194e-16,0,3.05106806486e-08
-0.435,1.68514000556,1.68191660069,1.68191660069,1.68514000556,-0.000174065235739,-1.86654469116e-05,0.000957336107309,0.000174065235739,-1.86654469116e-05,-0.000957336107309,2.00936046024e-16,0,3.29548859312e-08
-0.43,1.68203718485,1.67894352921,1.67894352921,1.68203718485,-0.000170931391826,5.24939498741e-06,0.000920462182195,0.000170931391826,5.24939498737e-06,-0.000920462182194,7.56181200747e-16,0,3.24209872282e-08
-0.425,1.57095745094,1.56831915757,1.56831915757,1.57095745094,-0.0001632617524,2.8947242191e-05,0.000840414432098,0.0001632617524,2.89472421909e-05,-0.000840414432098,-5.97447133006e-16,0,2.91773258887e-08
-0.42,1.42346292428,1.4213598285,1.4213598285,1.42346292428,-0.000153522804835,4.79182463623e-05,0.000739271289314,0.000153522804835,4.79182463623e-05,-0.000739271289314,6.30706512651e-16,0,2.51671701257e-08
-0.415,1.29619584119,1.29454437931,1.29454437931,1.29619584119,-0.000143936298344,6.0643134988e-05,0.000637447886156,0.000143936298344,6.06431349879e-05,-0.000637447886156,-4.47271353006e-16,0,2.17763882482e-08
-0.41,1.20682788667,1.20550917989,1.20550917989,1.20682788667,-0.000135757627626,6.77040156087e-05,0.000546651129738,0.000135757627626,6.77040156087e-05,-0.000546651129738,1.33247795553e-15,0,1.9363342485e-08
-0.405,1.15364206324,1.15255585114,1.15255585114,1.15364206324,-0.000129423636114,7.04068788989e-05,0.000470996915679,0.000129423636114,7.04068788989e-05,-0.000470996915679,5.05524724996e-16,0,1.78230328274e-08
-0.4,1.13044702621,1.12951945814,1.12951945814,1.13044702621,-0.000124930369388,6.99812233356e-05,0.000410434436268,0.000124930369388,6.99812233356e-05,-0.000410434436268,-1.73395158026e-16,0,1.69662106586e-08
-0.395,1.13171517527,1.13089312781,1.13089312781,1.13171517527,-0.000122108108466,6.73232763988e-05,0.000363318502178,0.000122108108466,6.73232763987e-05,-0.000363318502178,7.83820275314e-16,0,1.66381886046e-08
-0.39,1.1534843059,1.15272846271,1.15272846271,1.1534843059,-0.000120757996666,6.29944178943e-05,0.000327742173348,0.000120757996667,6.29944178944e-05,-0.000327742173348,1.90489250968e-16,0,1.67342291135e-08
-0.385,1.19309166954,1.19237108113,1.19237108113,1.19309166954,-0.000120699452744,5.72934036646e-05,0.000302074895795,0.000120699452744,5.72934036646e-05,-0.000302074895793,0,0,1.71896510359e-08
-0.38,1.24875662895,1.24804477801,1.24804477801,1.24875662895,-0.000121769406682,5.03341885569e-05,0.000285105152094,0.000121769406682,5.03341885569e-05,-0.000285105152095,-2.84854017543e-16,0,1.79682424495e-08
-0.375,1.31927381169,1.31854578414,1.31854578414,1.31927381169,-0.000123792187222,4.21190996309e-05,0.000275995960547,0.000123792187222,4.21190996308e-05,-0.000275995960545,-7.52737675355e-17,0,1.90537918776e-08
-0.37,1.40383210715,1.40306268051,1.40306268051,1.40383210715,-0.000126523813687,3.2622463394e-05,0.000274120228041,0.000126523813687,3.2622463394e-05,-0.00027412022804,-2.37475353793e-16,0,2.04436707563e-08
-0.365,1.5017809146,1.50094387689,1.50094387689,1.5017809146,-0.000129570549042,2.19115020552e-05,0.000278759385562,0.000129570549042,2.19115020552e-05,-0.000278759385561,4.9589383953e-16,0,2.21396225797e-08
-0.36,1.61179406066,1.61086392098,1.61086392098,1.61179406066,-0.00013229629394,1.03279507759e-05,0.000288625005822,0.00013229629394,1.03279507759e-05,-0.000288625005822,1.11217920139e-15,0,2.41240996068e-08
-0.355,1.72937209407,1.72833043064,1.72833043064,1.72937209407,-0.000133779635974,-1.29134550693e-06,0.000301258835509,0.000133779635974,-1.29134550685e-06,-0.000301258835508,1.75421596302e-16,0,2.63030912606e-08
-0.35,1.84195468146,1.84080319582,1.84080319582,1.84195468146,-0.000132948378294,-1.14977470249e-05,0.000312669386379,0.000132948378294,-1.14977470249e-05,-0.000312669386378,6.23075160152e-16,0,2.84072827483e-08
-0.345,1.92473065278,1.92350721844,1.92350721844,1.92473065278,-0.000129003100806,-1.84934744358e-05,0.000317920666179,0.000129003100806,-1.84934744358e-05,-0.000317920666179,7.15097458773e-16,0,2.99230507039e-08
-0.34,1.94717057657,1.94595180976,1.94595180976,1.94717057657,-0.00012197675664,-2.09020658011e-05,0.000313056380482,0.00012197675664,-2.0902065801e-05,-0.00031305638048,-5.32961547689e-16,0,3.02505389627e-08
-0.335,1.89471179509,1.89358577281,1.89358577281,1.89471179509,-0.000112924903337,-1.85836531378e-05,0.000297237019821,0.000112924903337,-1.85836531379e-05,-0.000297237019821,5.24209426606e-16,0,2.91435728883e-08
-0.33,1.78345494465,1.78248123741,1.78248123741,1.78345494465,-0.000103435081149,-1.27117787718e-05,0.000273057955361,0.000103435081149,-1.27117787719e-05,-0.000273057955361,8.50979126787e-16,0,2.69650177742e-08
-0.325,1.64683452367,1.6460285954,1.6460285954,1.64683452367,-9.48693177562e-05,-5.03848284757e-06,0.000244750008793,9.48693177562e-05,-5.03848284753e-06,-0.000244750008793,7.3931160501e-16,0,2.43824964663e-08
-0.32,1.51321965956,1.51256581459,1.51256581459,1.51321965956,-8.79620865766e-05,2.91618834872e-06,0.000216090988186,8.79620865765e-05,2.91618834873e-06,-0.000216090988186,-5.50737238718e-16,0,2.19272755508e-08
-0.315,1.39761760645,1.39708812889,1.39708812889,1.39761760645,-8.28792612407e-05,1.02093889767e-05,0.000189457357032,8.28792612407e-05,1.02093889767e-05,-0.000189457357032,2.24645355574e-16,0,1.9855704636e-08
-0.31,1.30495032079,1.30451736147,1.30451736147,1.30495032079,-7.9462805767e-05,1.64164365838e-05,0.000165918638105,7.9462805767e-05,1.64164365838e-05,-0.000165918638105,7.80634430283e-16,0,1.8231179677e-08
-0.305,1.23521674551,1.23485684037,1.23485684037,1.23521674551,-7.74383884197e-05,2.14360093082e-05,0.000145706243669,7.74383884197e-05,2.14360093081e-05,-0.000145706243668,9.39979627664e-16,0,1.70303042779e-08
-0.3,1.18677898729,1.1864737019,1.1864737019,1.18677898729,-7.65285858136e-05,2.53210946696e-05,0.000128635855244,7.65285858136e-05,2.53210946696e-05,-0.000128635855243,3.81647281611e-16,0,1.62058326758e-08
-0.295,1.15789133418,1.15762649819,1.15762649819,1.15789133418,-7.64952897909e-05,2.81739422246e-05,0.000114374413034,7.64952897909e-05,2.81739422246e-05,-0.000114374413034,-6.05501528105e-16,0,1.57137267642e-08
-0.29,1.14727967702,1.14704432667,1.14704432667,1.14727967702,-7.71446340943e-05,3.00916474152e-05,0.000102579387771,7.71446340942e-05,3.00916474152e-05,-0.00010257938777,9.29989901473e-16,0,1.55220214459e-08
-0.285,1.15430525002,1.15409065962,1.15409065962,1.15430525002,-7.83156505959e-05,3.11416876602e-05,9.29608289335e-05,7.83156505959e-05,3.11416876601e-05,-9.29608289339e-05,1.0725679124e-15,0,1.56122346162e-08
-0.28,1.17895628903,1.17875516896,1.17875516896,1.17895628903,-7.98624735406e-05,3.13530010316e-05,8.5303090238e-05,7.98624735406e-05,3.13530010315e-05,-8.53030902381e-05,9.45346927778e-16,0,1.59780872977e-08
-0.275,1.22173941721,1.22154525812,1.22154525812,1.22173941721,-8.16334493564e-05,3.07153872574e-05,7.94664211142e-05,8.16334493564e-05,3.07153872573e-05,-7.94664211132e-05,4.45047808879e-16,0,1.66227458465e-08
-0.27,1.28343830706,1.28324483974,1.28324483974,1.28343830706,-8.34480200434e-05,2.91855258762e-05,7.5376393657e-05,8.34480200434e-05,2.91855258761e-05,-7.53763936567e-05,-2.82525099691e-16,0,1.75540910696e-08
-0.265,1.36461998775,1.36442076541,1.36442076541,1.36461998775,-8.50728484245e-05,2.67021587668e-05,7.30008647852e-05,8.50728484245e-05,2.67021587668e-05,-7.30008647849e-05,-2.32690876924e-16,0,1.87759590098e-08
-0.26,1.46468921679,1.46447741248,1.46447741248,1.46468921679,-8.62025692879e-05,2.32162138237e-05,7.23087289094e-05,8.62025692879e-05,2.32162138237e-05,-7.23087289083e-05,3.63207249145e-16,0,2.0272191037e-08
-0.255,1.58029804195,1.58006669216,1.58006669216,1.58029804195,-8.64582761424e-05,1.87421636242e-05,7.32035076007e-05,8.64582761424e-05,1.87421636242e-05,-7.32035076007e-05,3.807315616e-16,0,2.19807980706e-08
-0.25,1.70326457584,1.70300762921,1.70300762921,1.70326457584,-8.54260944901e-05,1.34298305562e-05,7.54333827856e-05,8.54260944901e-05,1.34298305562e-05,-7.54333827835e-05,0,0,2.37617423515e-08
-0.245,1.81918729711,1.81890169019,1.81890169019,1.81918729711,-8.2758361502e-05,7.63504185415e-06,7.85046530949e-05,8.2758361502e-05,7.63504185413e-06,-7.85046530953e-05,-1.40601677644e-16,0,2.53790752858e-08
-0.24,1.90925183164,1.90894002986,1.90894002986,1.90925183164,-7.83312870432e-05,1.9371221083e-06,8.16621564275e-05,7.83312870431e-05,1.93712210826e-06,-8.16621564275e-05,-1.47702656795e-16,0,2.65376938202e-08
-0.235,1.95686445982,1.95653570079,1.95653570079,1.95686445982,-7.23893075603e-05,-2.95682313137e-06,8.40085387519e-05,7.23893075603e-05,-2.95682313139e-06,-8.40085387512e-05,1.15847995206e-15,0,2.69963029709e-08
-0.23,1.95569662463,1.95536512347,1.95536512347,1.95569662463,-6.55588479385e-05,-6.42113196801e-06,8.47598888287e-05,6.55588479385e-05,-6.42113196807e-06,-8.47598888271e-05,4.8157626483e-16,0,2.66931934334e-08
-0.225,1.91199792721,1.91167863016,1.91167863016,1.91199792721,-5.86721933748e-05,-8.12743795911e-06,8.35052456078e-05,5.86721933747e-05,-8.12743795915e-06,-8.3505245606e-05,3.311341363e-16,0,2.57686965099e-08
-0.22,1.83934240844,1.8390470384,1.8390470384,1.83934240844,-5.24926947609e-05,-8.12575127494e-06,8.02987404707e-05,5.24926947608e-05,-8.12575127494e-06,-8.02987404698e-05,0,0,2.44655851134e-08
-0.215,1.75165062636,1.75138599692,1.75138599692,1.75165062636,-4.7512359374e-05,-6.75364620697e-06,7.55428703473e-05,4.7512359374e-05,-6.75364620702e-06,-7.55428703463e-05,-6.0062906533e-16,0,2.30118306632e-08
-0.21,1.65959972377,1.65936813844,1.65936813844,1.65959972377,-4.39103104561e-05,-4.46437675027e-06,6.97763106759e-05,4.3910310456e-05,-4.46437675031e-06,-6.97763106753e-05,1.72300690538e-16,0,2.15672781856e-08
-0.205,1.57036954873,1.570170123,1.570170123,1.57036954873,-4.16308634824e-05,-1.68419217853e-06,6.35004675959e-05,4.16308634824e-05,-1.68419217858e-06,-6.35004675953e-05,1.54236117014e-15,0,2.02270284966e-08
-0.2,1.48860746801,1.48843748647,1.48843748647,1.48860746801,-4.04936803966e-05,1.25652473364e-06,5.70974054813e-05,4.04936803966e-05,1.25652473366e-06,-5.70974054811e-05,-9.28852996927e-16,0,1.90433624425e-08
-0.195,1.4173272402,1.41718318853,1.41718318853,1.4173272402,-4.02796292931e-05,4.13230903112e-06,5.08206543021e-05,4.02796292931e-05,4.13230903115e-06,-5.08206543019e-05,3.29929317705e-16,0,1.80442234488e-08
-0.19,1.35848450005,1.35836272798,1.35836272798,1.35848450005,-4.07787987473e-05,6.80245474142e-06,4.48210955774e-05,4.07787987473e-05,6.80245474139e-06,-4.48210955763e-05,0,0,1.72443170854e-08
-0.185,1.31334148994,1.31323857847,1.31323857847,1.31334148994,-4.18090628474e-05,9.18399153571e-06,3.91807876134e-05,4.18090628475e-05,9.18399153565e-06,-3.91807876121e-05,-1.30691918961e-15,0,1.66512701405e-08
-0.18,1.28273158572,1.2826445107,1.2826445107,1.28273158572,-4.32175033442e-05,1.1228162806e-05,3.39423996564e-05,4.32175033442e-05,1.1228162806e-05,-3.39423996563e-05,4.41170251103e-16,0,1.62692979089e-08
-0.175,1.26726229329,1.2671884617,1.2671884617,1.26726229329,-4.48737405051e-05,1.29031720465e-05,2.91311994205e-05,4.48737405051e-05,1.29031720466e-05,-2.913119942e-05,7.00432965942e-17,0,1.61015112354e-08
-0.17,1.26745125096,1.26738846194,1.26738846194,1.26745125096,-4.66602715211e-05,1.41827586635e-05,2.47704109468e-05,4.66602715211e-05,1.41827586635e-05,-2.47704109468e-05,-1.99810933127e-16,0,1.61511515273e-08
-0.165,1.28377018511,1.28371654623,1.28371654623,1.28377018511,-4.84622941877e-05,1.50394507364e-05,2.0891591932e-05,4.84622941877e-05,1.50394507364e-05,-2.0891591932e-05,-5.0709763741e-16,0,1.64214934983e-08
-0.16,1.316557606,1.31651141883,1.31651141883,1.316557606,-5.0158296139e-05,1.544168737e-05,1.75411939627e-05,5.0158296139e-05,1.544168737e-05,-1.75411939609e-05,1.81677243404e-16,0,1.69139755535e-08
-0.155,1.3657459154,1.36570553502,1.36570553502,1.3657459154,-5.16125722383e-05,1.53546737192e-05,1.47834870989e-05,5.16125722382e-05,1.53546737192e-05,-1.47834870982e-05,3.49579393281e-16,0,1.76237442417e-08
-0.15,1.43034745147,1.4303111243,1.4303111243,1.43034745147,-5.26714857225e-05,1.47454633517e-05,1.26988853383e-05,5.26714857225e-05,1.47454633517e-05,-1.2698885337e-05,-1.1323032143e-16,0,1.85319741774e-08
-0.145,1.50770220395,1.50766790207,1.50766790207,1.50770220395,-5.31663799522e-05,1.35930331e-05,1.13756785805e-05,5.31663799522e-05,1.35930331e-05,-1.13756785791e-05,-3.34176720564e-16,0,1.95951215254e-08
-0.14,1.59267971416,1.59264501694,1.59264501694,1.59267971416,-5.29269171701e-05,1.19035462836e-05,1.08928375848e-05,5.29269171701e-05,1.19035462836e-05,-1.0892837584e-05,-4.99942098477e-16,0,2.0734276962e-08
-0.135,1.67736962792,1.67733174338,1.67733174338,1.67736962792,-5.18079557552e-05,9.72900866508e-06,1.12929674072e-05,5.18079557551e-05,9.72900866503e-06,-1.12929674061e-05,-5.61769362055e-17,0,2.18326161594e-08
-0.13,1.75204891153,1.75200493993,1.75200493993,1.75204891153,-4.97290798078e-05,7.18396635955e-06,1.25487793167e-05,4.97290798078e-05,7.18396635958e-06,-1.25487793163e-05,1.03575906106e-15,0,2.27518563989e-08
-0.125,1.80777341211,1.80772086684,1.80772086684,1.80777341211,-4.671777642e-05,4.45115958583e-06,1.45333573034e-05,4.671777642e-05,4.4511595858e-06,-1.45333573025e-05,1.13181881768e-15,0,2.33716259679e-08
-0.12,1.8395236449,1.83946106443,1.83946106443,1.8395236449,-4.29380753708e-05,1.76668903182e-06,1.70102553333e-05,4.29380753708e-05,1.7666890318e-06,-1.70102553315e-05,8.07941045745e-16,0,2.36343300486e-08
-0.115,1.84768824197,1.84761560273,1.84761560273,1.84768824197,-3.86842852002e-05,-6.1796293219e-07,1.96571768336e-05,3.86842852002e-05,-6.17962932191e-07,-1.96571768328e-05,-6.51443861419e-17,0,2.3563300644e-08
-0.11,1.83667144843,1.83659018585,1.83659018585,1.83667144843,-3.43317343899e-05,-2.48691118258e-06,2.21227313924e-05,3.43317343899e-05,-2.48691118259e-06,-2.21227313917e-05,1.36792473931e-16,0,2.32385182208e-08
-0.105,1.81187993072,1.81179261281,1.81179261281,1.81187993072,-3.02593092111e-05,-3.70363044545e-06,2.40965242294e-05,3.02593092111e-05,-3.70363044543e-06,-2.40965242293e-05,3.58669027861e-16,0,2.27505374539e-08
-0.1,1.77739699691,1.77730683548,1.77730683548,1.77739699691,-2.6775189905e-05,-4.22957385657e-06,2.53639773174e-05,2.6775189905e-05,-4.22957385659e-06,-2.53639773173e-05,-8.24804701978e-16,0,2.21661564659e-08
-0.095,1.73547637395,1.73538673198,1.73538673198,1.73547637395,-2.40734250898e-05,-4.11368398741e-06,2.58269971959e-05,2.40734250898e-05,-4.11368398742e-06,-2.58269971951e-05,0,0,2.15211599652e-08
-0.09,1.68739959215,1.6873135667,1.6873135667,1.68739959215,-2.22292540695e-05,-3.46313907071e-06,2.54911912108e-05,2.22292540695e-05,-3.46313907073e-06,-2.54911912104e-05,8.05472848436e-16,0,2.08327279871e-08
-0.085,1.63462854215,1.63454866209,1.63454866209,1.63462854215,-2.12223288532e-05,-2.41053690001e-06,2.44343039939e-05,2.12223288532e-05,-2.41053689999e-06,-2.44343039922e-05,8.25745542907e-17,0,2.01161753921e-08
-0.08,1.5794662782,1.57939434394,1.57939434394,1.5794662782,-2.09703956563e-05,-1.08833396394e-06,2.27722152501e-05,2.09703956562e-05,-1.08833396397e-06,-2.27722152492e-05,-1.67897691416e-16,0,1.93953377803e-08
-0.075,1.52502718867,1.5249642596,1.5249642596,1.52502718867,-2.13600207717e-05,3.85893156119e-07,2.06325425133e-05,2.13600207717e-05,3.85893156098e-07,-2.06325425127e-05,1.0997916373e-15,0,1.87037296762e-08
-0.07,1.47476647392,1.47471297414,1.47471297414,1.47476647392,-2.22683171959e-05,1.91487844932e-06,1.81387187624e-05,2.22683171959e-05,1.91487844929e-06,-1.81387187629e-05,1.68985937418e-16,0,1.80796320137e-08
-0.065,1.43194436107,1.4319002491,1.4319002491,1.43194436107,-2.35752109687e-05,3.42112316028e-06,1.54030616301e-05,2.35752109686e-05,3.42112316031e-06,-1.54030616302e-05,5.85451146943e-16,0,1.75598184882e-08
-0.06,1.39926974794,1.39923469407,1.39923469407,1.39926974794,-2.51683707133e-05,4.8434410913e-06,1.25259281114e-05,2.51683707133e-05,4.84344109132e-06,-1.25259281115e-05,2.46219623595e-16,0,1.71751581846e-08
-0.055,1.3787700177,1.37874355031,1.37874355031,1.3787700177,-2.69434031127e-05,6.13267296809e-06,9.59827867199e-06,2.69434031127e-05,6.13267296809e-06,-9.5982786711e-06,-1.59773243835e-16,0,1.69487681667e-08
-0.05,1.37180531189,1.37178691413,1.37178691413,1.37180531189,-2.88014735964e-05,7.24774103161e-06,6.70572037902e-06,2.88014735964e-05,7.24774103156e-06,-6.70572037869e-06,5.40330475104e-16,0,1.68958655955e-08
-0.045,1.37910999679,1.37909914941,1.37909914941,1.37910999679,-3.06459074519e-05,8.1526254033e-06,3.93276249185e-06,3.06459074519e-05,8.15262540327e-06,-3.93276249113e-06,8.89486393e-16,0,1.70239284891e-08
-0.04,1.40076373443,1.40075990641,1.40075990641,1.40076373443,-3.23788926853e-05,8.81455217972e-06,1.36640539701e-06,3.23788926853e-05,8.81455217964e-06,-1.36640539694e-06,6.37627035887e-16,0,1.73319492092e-08
-0.035,1.43603569028,1.43603828003,1.43603828003,1.43603569028,-3.38992172088e-05,9.20358547243e-06,-9.01700663965e-07,3.38992172088e-05,9.20358547244e-06,9.01700664042e-07,6.75311177451e-17,0,1.78081198676e-08
-0.03,1.48310366433,1.48311189665,1.48311189665,1.48310366433,-3.5101980723e-05,9.29379983037e-06,-2.7753605858e-06,3.51019807231e-05,9.29379983032e-06,2.77536058621e-06,9.00861482273e-16,0,1.84261037539e-08
-0.025,1.53874182339,1.53875461702,1.53875461702,1.53874182339,-3.5881303948e-05,9.06616778757e-06,-4.15715342737e-06,3.5881303948e-05,9.06616778756e-06,4.15715342903e-06,1.22922759671e-16,0,1.91411611006e-08
-0.02,1.59819909394,1.59821493497,1.59821493497,1.59819909394,-3.61370174783e-05,8.51312126599e-06,-4.95587446905e-06,3.61370174783e-05,8.51312126596e-06,4.95587447093e-06,7.67307466839e-16,0,1.98891374481e-08
-0.015,1.65558641343,1.65560329565,1.65560329565,1.65558641343,-3.57858771561e-05,7.64434021988e-06,-5.09853559023e-06,3.57858771561e-05,7.64434021985e-06,5.09853559067e-06,2.28644111195e-16,0,2.05924850505e-08
-0.01,1.70498484835,1.70500035078,1.70500035078,1.70498484835,-3.47767475919e-05,6.49266424708e-06,-4.54618809094e-06,3.47767475919e-05,6.49266424703e-06,4.54618809208e-06,3.91794933889e-16,0,2.11757003044e-08
-0.005,1.74204262544,1.74205416104,1.74205416104,1.74204262544,-3.31073541399e-05,5.1182645403e-06,-3.31092888367e-06,3.31073541399e-05,5.11826454028e-06,3.31092888405e-06,1.38787596563e-15,0,2.1586649801e-08
0,1.76526395388,1.76526914141,1.76526914141,1.76526395388,-3.08380871716e-05,3.60876053028e-06,-1.46933283457e-06,3.08380871715e-05,3.60876053027e-06,1.46933283552e-06,1.5629113525e-15,0,2.18128088925e-08
0.005,1.77611139603,1.77610843503,1.77610843503,1.77611139603,-2.8097107624e-05,2.07338538962e-06,8.3356318626e-07,2.80971076239e-05,2.07338538961e-06,-8.33563184948e-07,-5.68651634465e-17,0,2.18811289088e-08
0.01,1.77775344063,1.77774137231,1.77774137231,1.77775344063,-2.50720835277e-05,6.30940731203e-07,3.39427164315e-06,2.50720835277e-05,6.30940731173e-07,-3.39427164134e-06,-5.86017902982e-17,0,2.1840041331e-08
0.015,1.77320479808,1.77318360785,1.77318360785,1.77320479808,-2.19878500386e-05,-6.06261599751e-07,5.97515795548e-06,2.19878500386e-05,-6.0626159979e-07,-5.97515795511e-06,1.82814500987e-16,0,2.17341091791e-08
0.02,1.76390022529,1.76387081174,1.76387081174,1.76390022529,-1.90747431341e-05,-1.54823124512e-06,8.33771357803e-06,1.90747431341e-05,-1.54823124516e-06,-8.33771357661e-06,5.73775879848e-16,0,2.15850697316e-08
0.025,1.74933397334,1.7492980228,1.7492980228,1.74933397334,-1.65363285166e-05,-2.13838909937e-06,1.02755968008e-05,1.65363285166e-05,-2.13838909934e-06,-1.02755968002e-05,1.33798564297e-16,0,2.13871982346e-08
0.03,1.72778522228,1.72774500496,1.72774500496,1.72778522228,-1.45252674496e-05,-2.35722631914e-06,1.16385380625e-05,1.45252674496e-05,-2.35722631917e-06,-1.16385380623e-05,1.54468803635e-15,0,2.11168957875e-08
0.035,1.69767884306,1.6976369367,1.6976369367,1.69767884306,-1.3132227411e-05,-2.21871099688e-06,1.2342403703e-05,1.3132227411e-05,-2.21871099693e-06,-1.23424037022e-05,-2.20562560268e-16,0,2.07505874705e-08
0.04,1.65888253435,1.65884150701,1.65884150701,1.65888253435,-1.23875653529e-05,-1.76190999374e-06,1.23661073401e-05,1.23875653529e-05,-1.76190999374e-06,-1.23661073392e-05,5.36542762376e-16,0,2.02820542583e-08
0.045,1.61330744078,1.61326956143,1.61326956143,1.61330744078,-1.22717733961e-05,-1.04104835447e-06,1.17397949427e-05,1.22717733961e-05,-1.0410483545e-06,-1.17397949415e-05,-5.56029249766e-16,0,1.97309906191e-08
0.05,1.56459903927,1.56456609015,1.56456609015,1.56459903927,-1.27295732273e-05,-1.16601080534e-07,1.05296843256e-05,1.27295732273e-05,-1.16601080576e-07,-1.05296843244e-05,1.38932649562e-15,0,1.9139868801e-08
0.055,1.51722537276,1.51719859765,1.51719859765,1.51722537276,-1.36835198598e-05,9.51216387937e-07,8.82378500068e-06,1.36835198598e-05,9.51216387922e-07,-8.82378500057e-06,-5.00425218479e-16,0,1.85628077354e-08
0.06,1.47550357792,1.47548374491,1.47548374491,1.47550357792,-1.50447637385e-05,2.10630353806e-06,6.72080403385e-06,1.50447637385e-05,2.10630353806e-06,-6.72080403313e-06,8.43801586388e-17,0,1.80531927185e-08
0.065,1.44295017632,1.44293770098,1.44293770098,1.44295017632,-1.67202259287e-05,3.29829071433e-06,4.32287531568e-06,1.67202259287e-05,3.29829071426e-06,-4.32287531414e-06,-3.38398944482e-16,0,1.76551342435e-08
0.07,1.42203115493,1.42202622981,1.42202622981,1.42203115493,-1.86164577231e-05,4.4825752296e-06,1.7317227565e-06,1.86164577231e-05,4.48257522959e-06,-1.73172275502e-06,5.88345978109e-16,0,1.73998975228e-08
0.075,1.41417790441,1.41418059863,1.41418059863,1.41417790441,-2.06409136466e-05,5.61941709372e-06,-9.52574693771e-07,2.06409136466e-05,5.61941709375e-06,9.52574694556e-07,1.24134537404e-15,0,1.73058052333e-08
0.08,1.41988884833,1.41989915998,1.41989915998,1.41988884833,-2.27014704401e-05,6.67260814638e-06,-3.63113165887e-06,2.27014704401e-05,6.67260814639e-06,3.63113166028e-06,1.45416814875e-15,0,1.73793068825e-08
0.085,1.43878888304,1.43880673844,1.43880673844,1.43878888304,-2.47049802445e-05,7.60810088365e-06,-6.2049739465e-06,2.47049802445e-05,7.60810088362e-06,6.20497394773e-06,5.47711363794e-16,0,1.76156933485e-08
0.09,1.46959952326,1.46962472335,1.46962472335,1.46959952326,-2.65555966671e-05,8.39290237627e-06,-8.57372073678e-06,2.65555966671e-05,8.39290237623e-06,8.57372073822e-06,1.12893314237e-15,0,1.79987620363e-08
0.095,1.51005435167,1.51008647098,1.51008647098,1.51005435167,-2.81536329411e-05,8.99451544591e-06,-1.06350373501e-05,2.81536329411e-05,8.99451544592e-06,1.06350373494e-05,5.75985663118e-16,0,1.84999886521e-08
0.1,1.55687253835,1.55691079352,1.55691079352,1.55687253835,-2.93958190119e-05,9.38123041496e-06,-1.22857516133e-05,2.93958190118e-05,9.38123041499e-06,1.22857516145e-05,2.74505288018e-16,0,1.90785005572e-08
0.105,1.60595761704,1.60600073961,1.60600073961,1.60595761704,-3.01779751885e-05,9.52360089012e-06,-1.34256317635e-05,3.01779751885e-05,9.52360089009e-06,1.3425631764e-05,-5.22617939497e-16,0,1.96839566868e-08
0.11,1.65296013048,1.65300629765,1.65300629765,1.65296013048,-3.04011890953e-05,9.39741288088e-06,-1.39648048876e-05,3.04011890953e-05,9.39741288082e-06,1.39648048888e-05,2.49115846419e-16,0,2.02640233482e-08
0.115,1.69416614685,1.69421302648,1.69421302648,1.69416614685,-2.99823434735e-05,8.98828395977e-06,-1.38354169313e-05,2.99823434736e-05,8.98828395982e-06,1.38354169311e-05,3.57883717451e-16,0,2.0775569709e-08
0.12,1.72738617085,1.72743110806,1.72743110806,1.72738617085,-2.8868993607e-05,8.29760463645e-06,-1.30071143294e-05,2.8868993607e-05,8.2976046364e-06,1.30071143302e-05,-1.72730716071e-16,0,2.11955568652e-08
0.125,1.75233545116,1.75237576974,1.75237576974,1.75233545116,-2.70569114247e-05,7.3488176859e-06,-1.15041096812e-05,2.70569114247e-05,7.34881768586e-06,1.15041096826e-05,-4.49467930178e-16,0,2.15249738034e-08
0.13,1.77015943516,1.77019278276,1.77019278276,1.77015943516,-2.46062785392e-05,6.19217446516e-06,-9.41928943261e-06,2.46062785392e-05,6.19217446514e-06,9.41928943305e-06,3.33283579965e-16,0,2.17817577308e-08
0.135,1.78223423398,1.78225889712,1.78225889712,1.78223423398,-2.16504665388e-05,4.90555820389e-06,-6.91911731561e-06,2.16504665389e-05,4.90555820384e-06,6.91911731577e-06,5.01375353998e-16,0,2.19845945892e-08
0.14,1.78882627883,1.78884142548,1.78884142548,1.78882627883,-1.83912459804e-05,3.58936360408e-06,-4.23366466153e-06,1.83912459804e-05,3.58936360403e-06,4.23366466187e-06,1.07662313481e-15,0,2.21351745822e-08
0.145,1.78833870058,1.78834453101,1.78834453101,1.78833870058,-1.5077517429e-05,2.35514597512e-06,-1.63012276227e-06,1.5077517429e-05,2.35514597512e-06,1.63012276283e-06,9.33919294728e-16,0,2.22082676693e-08
0.15,1.77766547257,1.77766324937,1.77766324937,1.77766547257,-1.19707967088e-05,1.31032221487e-06,6.25312871856e-07,1.19707967088e-05,1.31032221491e-06,-6.25312871326e-07,1.21477884517e-15,0,2.21564837588e-08
0.155,1.75366937064,1.75366128041,1.75366128041,1.75366937064,-9.30669680961e-06,5.43228056526e-07,2.30666387799e-06,9.30669680963e-06,5.43228056525e-07,-2.30666387666e-06,9.54728114513e-16,0,2.19303641913e-08
0.16,1.71510563266,1.71509446052,1.71509446052,1.71510563266,-7.26369970103e-06,1.12919219818e-07,3.25699293746e-06,7.26369970095e-06,1.12919219839e-07,-3.25699293649e-06,1.00418387899e-15,0,2.15050923735e-08
0.165,1.66386034263,1.66384902884,1.66384902884,1.66386034263,-5.94713014908e-06,4.60791514422e-08,3.39987169884e-06,5.94713014903e-06,4.60791514268e-08,-3.39987169827e-06,1.1272726285e-15,0,2.08986161709e-08
0.17,1.60472813115,1.60471935754,1.60471935754,1.60472813115,-5.38969045772e-06,3.40539594957e-07,2.7336837739e-06,5.3896904577e-06,3.40539594916e-07,-2.73368377234e-06,1.25777415135e-15,0,2.01701348956e-08
0.175,1.54397589518,1.54397183602,1.54397183602,1.54397589518,-5.56417157252e-06,9.72868811182e-07,1.31451525916e-06,5.5641715725e-06,9.7286881116e-07,-1.31451525873e-06,6.1880363281e-16,0,1.94014577737e-08
0.18,1.4876690164,1.48767129221,1.48767129221,1.4876690164,-6.40156648622e-06,1.90700245161e-06,-7.64887723734e-07,6.40156648621e-06,1.90700245161e-06,7.64887723808e-07,3.21446052691e-16,0,1.86741755392e-08
0.185,1.44057978856,1.44058956767,1.44058956767,1.44057978856,-7.80865784134e-06,3.10164236968e-06,-3.3941440053e-06,7.8086578413e-06,3.10164236963e-06,3.39414400619e-06,-5.79972585474e-16,0,1.80540657979e-08
0.19,1.40586488612,1.4058830475,1.4058830475,1.40586488612,-9.68154784449e-06,4.51530982352e-06,-6.45910960377e-06,9.6815478445e-06,4.51530982354e-06,6.45910960448e-06,3.38743410796e-16,0,1.75858949625e-08
0.195,1.3852496735,1.38527696295,1.38527696295,1.3852496735,-1.19139274546e-05,6.10887988639e-06,-9.8499132744e-06,1.19139274546e-05,6.10887988635e-06,9.84991327493e-06,1.28631879507e-15,0,1.72952718813e-08
0.2,1.37937931223,1.37941645637,1.37941645637,1.37937931223,-1.44003752868e-05,7.845922473e-06,-1.34638978156e-05,1.44003752868e-05,7.84592247297e-06,1.34638978167e-05,1.71991553983e-16,0,1.71931855419e-08
0.205,1.38811599195,1.38816375703,1.38816375703,1.38811599195,-1.70356137768e-05,9.69130206287e-06,-1.72047091098e-05,1.70356137768e-05,9.69130206284e-06,1.72047091109e-05,8.53909848886e-16,0,1.72800866949e-08
0.21,1.41069801387,1.41075720444,1.41075720444,1.41069801387,-1.97107512823e-05,1.16084135706e-05,-2.09787375717e-05,1.97107512822e-05,1.16084135706e-05,2.09787375726e-05,1.17556057468e-15,0,1.75482974818e-08
0.215,1.44576720693,1.44583860045,1.44583860045,1.44576720693,-2.23074676753e-05,1.35553164488e-05,-2.46899209677e-05,2.23074676753e-05,1.35553164488e-05,2.46899209684e-05,9.81635736278e-16,0,1.79827970292e-08
0.22,1.4913252051,1.49140941914,1.49140941914,1.4913252051,-2.46911567468e-05,1.54800010343e-05,-2.82338388857e-05,2.46911567469e-05,1.54800010344e-05,2.82338388865e-05,3.16043337133e-16,0,1.85610442571e-08
0.225,1.54471463853,1.5448119347,1.5448119347,1.54471463853,-2.6704457772e-05,1.73151976582e-05,-3.14922575238e-05,2.6704457772e-05,1.73151976582e-05,3.14922575238e-05,7.57454752543e-16,0,1.92530786869e-08
0.23,1.60273307043,1.60284311768,1.60284311768,1.60273307043,-2.81635659504e-05,1.8973645297e-05,-3.43299434987e-05,2.81635659503e-05,1.89736452971e-05,3.43299434994e-05,9.38453225164e-16,0,2.00230818592e-08
0.235,1.66194195107,1.66206359853,1.66206359853,1.66194195107,-2.88612144695e-05,2.03456697217e-05,-3.65966485353e-05,2.88612144696e-05,2.03456697218e-05,3.65966485353e-05,-6.85411032651e-17,0,2.08331036866e-08
0.24,1.71909806421,1.71922919617,1.71922919617,1.71909806421,-2.85817928665e-05,2.13021903146e-05,-3.81383016993e-05,2.85817928665e-05,2.13021903146e-05,3.81383017009e-05,0,0,2.16477360482e-08
0.245,1.77144867039,1.77158621641,1.77158621641,1.77144867039,-2.71342362017e-05,2.17072668428e-05,-3.88215242018e-05,2.71342362017e-05,2.17072668428e-05,3.88215242034e-05,5.5622603004e-16,0,2.24363749801e-08
0.25,1.81655108222,1.81669122585,1.81669122585,1.81655108222,-2.44044019578e-05,2.14435282555e-05,-3.85726066723e-05,2.44044019578e-05,2.14435282555e-05,3.8572606674e-05,6.50164055386e-16,0,2.31685972629e-08
0.255,1.85150689639,1.85164548401,1.85164548401,1.85150689639,-2.0418138513e-05,2.04492734535e-05,-3.74242286237e-05,2.0418138513e-05,2.04492734535e-05,3.74242286241e-05,1.36997751346e-15,0,2.38016424348e-08
0.26,1.87207872196,1.87221183882,1.87221183882,1.87207872196,-1.53910629169e-05,1.87572352711e-05,-3.55519566183e-05,1.53910629168e-05,1.87572352711e-05,3.55519566194e-05,5.02731894612e-16,0,2.42667819172e-08
0.265,1.87273462564,1.87285926422,1.87285926422,1.87273462564,-9.73205031925e-06,1.65164276705e-05,-3.32760542068e-05,9.73205031925e-06,1.65164276704e-05,3.32760542074e-05,1.38796181677e-15,0,2.44699709384e-08
0.27,1.84849274574,1.84860740645,1.84860740645,1.84849274574,-3.97989640451e-06,1.39794786094e-05,-3.10136857869e-05,3.97989640448e-06,1.39794786094e-05,3.10136857867e-05,-6.17029860875e-16,0,2.43200619643e-08
0.275,1.79799017024,1.79809515116,1.79809515116,1.79799017024,1.31191731044e-06,1.14537482169e-05,-2.91931107439e-05,-1.31191731047e-06,1.14537482169e-05,2.91931107457e-05,1.7269635448e-16,0,2.37771038414e-08
0.28,1.72550216319,1.72559936796,1.72559936796,1.72550216319,5.69376221177e-06,9.23613058638e-06,-2.81663032033e-05,-5.6937622118e-06,9.23613058635e-06,2.81663032048e-05,6.58490842003e-16,0,2.28868528573e-08
0.285,1.64000949288,1.64010185084,1.64010185084,1.64000949288,8.89185924405e-06,7.56037232936e-06,-2.81569586225e-05,-8.89185924411e-06,7.56037232933e-06,2.81569586235e-05,1.32017823769e-15,0,2.17710343087e-08
0.29,1.55200204806,1.55209286445,1.55209286445,1.55200204806,1.08156406759e-05,6.5748231064e-06,-2.92569638853e-05,-1.08156406759e-05,6.57482310633e-06,2.9256963887e-05,-2.65644099471e-16,0,2.05811714338e-08
0.295,1.47042228166,1.47051479861,1.47051479861,1.47042228166,1.15175297634e-05,6.34946166856e-06,-3.14583226105e-05,-1.15175297633e-05,6.34946166848e-06,3.14583226113e-05,1.40603763863e-16,0,1.94515794583e-08
0.3,1.40129008306,1.40138732894,1.40138732894,1.40129008306,1.11360157523e-05,6.89918554349e-06,-3.46974932616e-05,-1.11360157523e-05,6.89918554349e-06,3.46974932617e-05,5.20224151918e-16,0,1.84761663746e-08
0.305,1.34786355116,1.34796840426,1.34796840426,1.34786355116,9.84589459785e-06,8.20987349544e-06,-3.88945243238e-05,-9.84589459788e-06,8.20987349543e-06,3.88945243248e-05,0,0,1.77086363351e-08
0.31,1.311475723,1.31159108461,1.31159108461,1.311475723,7.82580125388e-06,1.02592420539e-05,-4.39796674018e-05,-7.82580125391e-06,1.02592420538e-05,4.3979667403e-05,8.1801403583e-16,0,1.71737681853e-08
0.315,1.29238787099,1.29251687725,1.29251687725,1.29238787099,5.24313508513e-06,1.30299583648e-05,-4.99075469955e-05,-5.24313508513e-06,1.30299583648e-05,4.99075469957e-05,7.63446894904e-16,0,1.68798330868e-08
0.32,1.2903967192,1.29054295986,1.29054295986,1.2903967192,2.25245261372e-06,1.65153529678e-05,-5.66617905837e-05,-2.25245261378e-06,1.65153529678e-05,5.66617905836e-05,-4.35606927405e-16,0,1.68278710966e-08
0.325,1.30517290349,1.30534063613,1.30534063613,1.30517290349,-9.96654014435e-07,2.07186023877e-05,-6.42527342587e-05,9.96654014453e-07,2.07186023877e-05,6.42527342586e-05,8.85398610117e-17,0,1.70172040903e-08
0.33,1.33638578801,1.33658013697,1.33658013697,1.33638578801,-4.34472068703e-06,2.56453770396e-05,-7.27091037628e-05,4.34472068703e-06,2.56453770396e-05,7.27091037634e-05,8.00904634836e-16,0,1.74479692916e-08
0.335,1.38366707431,1.38389418693,1.38389418693,1.38366707431,-7.60178343165e-06,3.12884220856e-05,-8.20623642633e-05,7.60178343158e-06,3.12884220856e-05,8.20623642633e-05,4.4216600351e-16,0,1.81213004602e-08
0.34,1.44643744691,1.44670454226,1.44670454226,1.44643744691,-1.05218829131e-05,3.76009064903e-05,-9.23201664492e-05,1.05218829131e-05,3.76009064903e-05,9.23201664508e-05,1.12962930794e-15,0,1.90375040177e-08
0.345,1.52358575088,1.52390093315,1.52390093315,1.52358575088,-1.27756484064e-05,4.44545624295e-05,-0.000103423675721,1.27756484064e-05,4.44545624294e-05,0.00010342367572,5.06741308124e-16,0,2.01918055609e-08
0.35,1.61294857599,1.61332019256,1.61332019256,1.61294857599,-1.39298895052e-05,5.15809214624e-05,-0.000115184631442,1.39298895051e-05,5.15809214624e-05,0.000115184631442,-2.43779960189e-16,0,2.15663726877e-08
0.355,1.7104967175,1.71093194556,1.71093194556,1.7104967175,-1.34544963833e-05,5.85039235387e-05,-0.000127206529646,1.34544963833e-05,5.85039235387e-05,0.000127206529647,2.32478779876e-16,0,2.31163048703e-08
0.36,1.80917118076,1.80967353881,1.80967353881,1.80917118076,-1.07907755146e-05,6.44953226688e-05,-0.000138817244388,1.07907755146e-05,6.44953226687e-05,0.00013881724439,3.6691812714e-16,0,2.47475915316e-08
0.365,1.89767191324,1.89823779921,1.89823779921,1.89767191324,-5.51561849811e-06,6.86173732156e-05,-0.00014907782584,5.5156184981e-06,6.86173732156e-05,0.000149077825841,5.5348657504e-16,0,2.62910915261e-08
0.37,1.96048438196,1.96109989404,1.96109989404,1.96048438196,2.40976416083e-06,6.99276449293e-05,-0.000156954955888,-2.40976416085e-06,6.99276449293e-05,0.00015695495589,3.25820340822e-16,0,2.74943534606e-08
0.375,1.98139644698,1.98203726851,1.98203726851,1.98139644698,1.24233412068e-05,6.78444862064e-05,-0.000161683424573,-1.24233412068e-05,6.78444862064e-05,0.000161683424574,9.23664311729e-16,0,2.80730203528e-08
0.38,1.95102444565,1.95166124195,1.95166124195,1.95102444565,2.33761935793e-05,6.24988462029e-05,-0.000163168739703,-2.33761935793e-05,6.24988462029e-05,0.000163168739704,1.29061198041e-15,0,2.78378933238e-08
0.385,1.87336791814,1.87397551622,1.87397551622,1.87336791814,3.38702051764e-05,5.47977632056e-05,-0.000162141018542,-3.38702051764e-05,5.47977632056e-05,0.000162141018543,4.52995878729e-16,0,2.68177435814e-08
0.39,1.76450279521,1.76506720434,1.76506720434,1.76450279521,4.27389739042e-05,4.61041635696e-05,-0.000159908751729,-4.27389739043e-05,4.61041635695e-05,0.000159908751731,5.56087313654e-16,0,2.52533958189e-08
0.395,1.64426835051,1.64478766837,1.64478766837,1.64426835051,4.935833853e-05,3.77584735883e-05,-0.000157892679238,-4.93583385299e-05,3.77584735883e-05,0.000157892679238,1.11411518669e-16,0,2.34647945518e-08
0.4,1.5286435518,1.52912440982,1.52912440982,1.5286435518,5.36515502457e-05,3.07512817227e-05,-0.000157257850788,-5.36515502457e-05,3.07512817227e-05,0.000157257850788,8.54036294639e-16,0,2.17190585516e-08
0.405,1.42722857024,1.427681912,1.427681912,1.42722857024,5.59003886426e-05,2.56555830303e-05,-0.000158793686255,-5.59003886427e-05,2.56555830303e-05,0.000158793686255,-4.14729451919e-16,0,2.01814636114e-08
0.41,1.34442873298,1.34486704188,1.34486704188,1.34442873298,5.6535494104e-05,2.27295047554e-05,-0.000162982776183,-5.6535494104e-05,2.27295047554e-05,0.000162982776183,4.37622562868e-16,0,1.8931130441e-08
0.415,1.28159999851,1.28203616925,1.28203616925,1.28159999851,5.59975138286e-05,2.20633855425e-05,-0.000170137536838,-5.59975138286e-05,2.20633855424e-05,0.000170137536839,3.99361302747e-16,0,1.79958092872e-08
0.42,1.23876370356,1.23921104373,1.23921104373,1.23876370356,5.46766355113e-05,2.37006813596e-05,-0.000180526526215,-5.46766355113e-05,2.37006813596e-05,0.000180526526216,5.69070789638e-16,0,1.73808136772e-08
0.425,1.21566247238,1.21613537142,1.21613537142,1.21566247238,5.2904980601e-05,2.7715845044e-05,-0.00019446478362,-5.2904980601e-05,2.77158450439e-05,0.00019446478362,1.06339349038e-15,0,1.7087432358e-08
0.43,1.21233669739,1.21285172987,1.21285172987,1.21233669739,5.09772265309e-05,3.42552328193e-05,-0.000212368024197,-5.09772265309e-05,3.42552328193e-05,0.000212368024197,1.61447588853e-16,0,1.7123428897e-08
0.435,1.22941241588,1.2299898152,1.2299898152,1.22941241588,4.91852182464e-05,4.35476803757e-05,-0.000234772215639,-4.91852182464e-05,4.35476803758e-05,0.000234772215638,5.10758565766e-16,0,1.75088339383e-08
0.44,1.26818238757,1.26884786916,1.26884786916,1.26818238757,4.78604618273e-05,5.58809074855e-05,-0.000262307312985,-4.78604618273e-05,5.58809074854e-05,0.000262307312985,5.33233300501e-16,0,1.82783641556e-08
0.445,1.33040293705,1.33118967887,1.33118967887,1.33040293705,4.74206254152e-05,7.15231143083e-05,-0.000295590623872,-4.74206254152e-05,7.15231143083e-05,0.000295590623872,8.25346214797e-16,0,1.9478837654e-08
0.45,1.4174822209,1.41843217984,1.41843217984,1.4174822209,4.84099467148e-05,9.05488251068e-05,-0.000334974476908,-4.84099467149e-05,9.05488251068e-05,0.000334974476909,5.60542412256e-16,0,2.11549018303e-08
0.455,1.52838175472,1.52954396237,1.52954396237,1.52838175472,5.15044669965e-05,0.0001125175534,-0.000380064053762,-5.15044669964e-05,0.0001125175534,0.000380064053763,1.03286077495e-15,0,2.33085311052e-08
0.46,1.65545500765,1.65687594505,1.65687594505,1.65545500765,5.74207736337e-05,0.000135999001581,-0.000428984127525,-5.74207736336e-05,0.000135999001581,0.000428984127526,-9.3072680006e-17,0,2.58136005904e-08
0.465,1.77917705989,1.78087753811,1.78087753811,1.77917705989,6.66482431714e-05,0.000158125965378,-0.000477655097428,-6.66482431714e-05,0.000158125965378,0.000477655097429,5.45934467912e-16,0,2.82992247413e-08
0.47,1.86831544318,1.87025903558,1.87025903558,1.86831544318,7.90061652727e-05,0.000174698738303,-0.000519875265686,-7.90061652727e-05,0.000174698738303,0.000519875265687,-1.75539649609e-16,0,3.01323748175e-08
0.475,1.89511525079,1.89719803418,1.89719803418,1.89511525079,9.328704834e-05,0.000181467311282,-0.00054921184978,-9.32870483399e-05,0.000181467311282,0.000549211849782,-2.50863507161e-16,0,3.07131746702e-08
0.48,1.85732282503,1.85941306096,1.85941306096,1.85732282503,0.000107461927014,0.000176323436957,-0.000562384843406,-0.000107461927014,0.000176323436957,0.000562384843407,-2.36459993192e-16,0,2.99490672262e-08
0.485,1.77864570721,1.78064440166,1.78064440166,1.77864570721,0.000119554737195,0.000160677881858,-0.000561542999117,-0.000119554737195,0.000160677881858,0.000561542999119,2.21091180113e-16,0,2.83120837885e-08
0.49,1.68678802121,1.68865517266,1.68865517266,1.68678802121,0.000128519833702,0.000138609732506,-0.000553157421263,-0.000128519833702,0.000138609732506,0.000553157421263,5.48925886595e-16,0,2.64013815254e-08
0.495,1.59810563274,1.59984777977,1.59984777977,1.59810563274,0.000134425910364,0.000114688112518,-0.000544769359541,-0.000134425910364,0.000114688112518,0.000544769359541,8.9526660474e-16,0,2.4600213866e-08
0.5,1.51821476839,1.51986299051,1.51986299051,1.51821476839,0.000138040088072,9.23811860625e-05,-0.00054252137286,-0.000138040088072,9.23811860624e-05,0.000542521372861,1.08083599119e-15,0,2.30597989592e-08
0.505,1.44808264877,1.4496781432,1.4496781432,1.44808264877,0.000140334988978,7.37270531595e-05,-0.000550595628427,-0.000140334988978,7.37270531595e-05,0.000550595628427,2.86111038785e-16,0,2.18143378916e-08
0.51,1.38826128635,1.38984988571,1.38984988571,1.38826128635,0.000142212491785,5.97520590953e-05,-0.000571827137952,-0.000142212491785,5.97520590951e-05,0.000571827137954,8.91474994026e-16,0,2.08716324224e-08
0.515,1.3404779094,1.34211040129,1.34211040129,1.3404779094,0.000144435651379,5.10297888434e-05,-0.000608551034933,-0.000144435651379,5.10297888435e-05,0.000608551034931,-5.56858216225e-16,0,2.02550953787e-08
0.52,1.30786003237,1.30959599377,1.30959599377,1.30786003237,0.000147665927939,4.81184710991e-05,-0.000663224666323,-0.000147665927939,4.81184710991e-05,0.000663224666324,5.14620213955e-16,0,2.00186636157e-08
0.525,1.29484517939,1.29675950284,1.29675950284,1.29484517939,0.000152525171836,5.1840279252e-05,-0.000738663370162,-0.000152525171836,5.1840279252e-05,0.000738663370162,-6.01413042022e-16,0,2.02540504368e-08
0.53,1.30716345997,1.30935531755,1.30935531755,1.30716345997,0.000159629538581,6.34019565516e-05,-0.000837699921912,-0.000159629538581,6.34019565516e-05,0.000837699921912,-4.50804560942e-16,0,2.10982196158e-08
0.535,1.35151013932,1.35411247806,1.35411247806,1.35151013932,0.000169537547245,8.42663655894e-05,-0.0009618262041,-0.000169537547245,8.42663655893e-05,0.000961826204101,-6.96866011855e-17,0,2.27324621349e-08
0.54,1.43312365317,1.43630336476,1.43630336476,1.43312365317,0.000182522531477,0.000115517382322,-0.00110813468173,-0.000182522531476,0.000115517382322,0.00110813468173,1.51282697502e-16,0,2.53287728569e-08
0.545,1.54690334826,1.55082022693,1.55082022693,1.54690334826,0.000198085445202,0.000156373386583,-0.00126443776429,-0.000198085445202,0.000156373386583,0.00126443776429,1.06397404706e-15,0,2.88246542191e-08
0.55,1.65883128516,1.66350067951,1.66350067951,1.65883128516,0.000214353308981,0.000202053404244,-0.00140545688854,-0.000214353308981,0.000202053404244,0.00140545688854,8.78407116976e-17,0,3.24083200276e-08
0.555,1.70053472729,1.70563706904,1.70563706904,1.70053472729,0.000228083776679,0.000242985490876,-0.00149796958371,-0.000228083776679,0.000242985490876,0.00149796958371,3.72706128571e-16,0,3.42603314607e-08
0.56,1.62904938951,1.63400860054,1.63400860054,1.62904938951,0.000236134343742,0.00026840902524,-0.00151980474804,-0.000236134343742,0.00026840902524,0.00151980474804,-2.92296397354e-16,0,3.3032686364e-08
0.565,1.48838200889,1.49278841934,1.49278841934,1.48838200889,0.000237597468991,0.000273041081121,-0.00147808069208,-0.000237597468991,0.000273041081121,0.00147808069208,5.01286530909e-16,0,2.96630626728e-08
0.57,1.35195449915,1.35575777987,1.35575777987,1.35195449915,0.000234253850355,0.000259761342958,-0.00140461035992,-0.000234253850355,0.000259761342959,0.00140461035992,7.0981274312e-16,0,2.6072520587e-08
0.575,1.25571745644,1.25907439843,1.25907439843,1.25571745644,0.000229003686667,0.000235848187077,-0.00133487866536,-0.000229003686667,0.000235848187077,0.00133487866536,-2.01479764919e-16,0,2.33153691909e-08
0.58,1.20314340926,1.20626171622,1.20626171622,1.20314340926,0.000224296905338,0.000208136277523,-0.00129422276655,-0.000224296905338,0.000208136277523,0.00129422276655,-9.82860481511e-17,0,2.15836193362e-08
0.585,1.18705995208,1.19014464459,1.19014464459,1.18705995208,0.00022167562095,0.000181059724156,-0.00129761338983,-0.00022167562095,0.000181059724156,0.00129761338983,3.76803012198e-16,0,2.07587946832e-08
0.59,1.19996540322,1.20322243148,1.20322243148,1.19996540322,0.000222022382839,0.000156975550884,-0.00135529491888,-0.000222022382839,0.000156975550884,0.00135529491888,8.87843433135e-17,0,2.07025898646e-08
0.595,1.23674277441,1.24040437011,1.24040437011,1.23674277441,0.000225925254605,0.000137140734632,-0.00147815025926,-0.000225925254604,0.000137140734632,0.00147815025926,0,0,2.13489865786e-08
0.6,1.29534566664,1.29970776901,1.29970776901,1.29534566664,0.000233904969375,0.000122602089545,-0.00168092969161,-0.000233904969375,0.000122602089545,0.00168092969161,7.57415322669e-17,0,2.27390017926e-08
0.605,1.37780236663,1.38327422945,1.38327422945,1.37780236663,0.000246388521348,0.00011490873134,-0.00198178595756,-0.000246388521348,0.00011490873134,0.00198178595757,1.7992449807e-15,0,2.50622571585e-08
0.61,1.49171494624,1.49886805311,1.49886805311,1.49171494624,0.000263167468285,0.000116602892293,-0.00239187705722,-0.000263167468285,0.000116602892293,0.00239187705722,6.97624229524e-16,0,2.87067205562e-08
0.615,1.64783030135,1.65734559333,1.65734559333,1.64783030135,0.000281775877354,0.000130759315863,-0.00287890638414,-0.000281775877354,0.000130759315863,0.00287890638414,-7.66203653468e-16,0,3.41591617214e-08
0.62,1.83449217683,1.84661691767,1.84661691767,1.83449217683,0.000294855626621,0.000157282462966,-0.00329377384047,-0.000294855626621,0.000157282462966,0.00329377384047,1.18041501596e-15,0,4.10674920737e-08
0.625,1.95326226521,1.96641826249,1.96641826249,1.95326226521,0.000291315592724,0.000185379272626,-0.00335639529576,-0.000291315592724,0.000185379272627,0.00335639529576,3.88894767415e-16,0,4.58872269071e-08
0.63,1.87400518404,1.88496644257,1.88496644257,1.87400518404,0.000268379950536,0.000195472146891,-0.00291602587466,-0.000268379950536,0.000195472146891,0.00291602587466,1.25689048796e-15,0,4.38317249163e-08
0.635,1.66573642825,1.673081349,1.673081349,1.66573642825,0.000238362814845,0.000179307244317,-0.00219985672787,-0.000238362814845,0.000179307244317,0.00219985672787,-3.04495155865e-16,0,3.7281150167e-08
0.64,1.47561604109,1.48015266898,1.48015266898,1.47561604109,0.000213342219086,0.000144847907475,-0.00153483859268,-0.000213342219086,0.000144847907475,0.00153483859268,1.39912967986e-15,0,3.15234247594e-08
0.645,1.35549207604,1.35840040601,1.35840040601,1.35549207604,0.000194175305467,0.000100362265991,-0.00107164524607,-0.000194175305467,0.000100362265991,0.00107164524607,6.64988950303e-16,0,2.85149721613e-08
0.65,1.31353870795,1.31577833815,1.31577833815,1.31353870795,0.000171350562996,4.63535322242e-05,-0.000851791613007,-0.000171350562996,4.63535322242e-05,0.000851791613007,-3.28413620154e-16,0,2.89058403879e-08
0.655,1.37219472498,1.37482959695,1.37482959695,1.37219472498,0.000119682250901,-2.33693058335e-05,-0.000959173149234,-0.000119682250901,-2.33693058336e-05,0.000959173149234,2.08318252083e-15,0,3.47946902401e-08
0.66,1.57693309745,1.58212836785,1.58212836785,1.57693309745,-2.2119601535e-05,-0.000111349254114,-0.00164456135341,2.21196015351e-05,-0.000111349254114,0.0016445613534,0,0,5.21419147859e-08
0.665,1.66370987155,1.67379237692,1.67379237692,1.66370987155,-0.000313406552987,-0.000164094008356,-0.00302097335656,0.000313406552987,-0.000164094008355,0.00302097335656,1.05255113479e-16,0,7.33590486135e-08
0.67,1.16883505934,1.17755792262,1.17755792262,1.16883505934,-0.0005238595682,-8.18010806286e-05,-0.00371756280522,0.0005238595682,-8.18010806285e-05,0.00371756280522,2.20109045953e-16,0,5.32990540592e-08
0.675,0.86764211288,0.873099398336,0.873099398336,0.86764211288,-0.000474029933885,3.05424263033e-05,-0.00313503493823,0.000474029933885,3.05424263031e-05,0.00313503493823,5.05908501287e-16,0,3.23793243329e-08
0.68,0.769103485769,0.772845365575,0.772845365575,0.769103485769,-0.00036260611318,8.8004813012e-05,-0.00242672109552,0.00036260611318,8.80048130121e-05,0.00242672109552,1.90505697525e-15,0,2.3205922739e-08
0.685,0.741183785607,0.744084851517,0.744084851517,0.741183785607,-0.000277427009386,0.000111318453944,-0.00195322639735,0.000277427009386,0.000111318453944,0.00195322639735,-7.6246078612e-16,0,1.91666220672e-08
0.69,0.741991795429,0.74447880185,0.74447880185,0.741991795429,-0.000220920049575,0.000120638639083,-0.00167309493082,0.000220920049575,0.000120638639083,0.00167309493082,6.19431820755e-16,0,1.73374152812e-08
0.695,0.758475261517,0.760791425263,0.760791425263,0.758475261517,-0.000184677930413,0.000124805107088,-0.0015245274353,0.000184677930413,0.000124805107088,0.0015245274353,6.68603340517e-16,0,1.66471840757e-08
0.7,0.785637546261,0.787955960301,0.787955960301,0.785637546261,-0.000162823568211,0.00012755915188,-0.00147332461044,0.000162823568211,0.00012755915188,0.00147332461044,0,0,1.66769111853e-08
0.705,0.820700443676,0.823179461572,0.823179461572,0.820700443676,-0.000152501828049,0.000130715634781,-0.00150802859038,0.000152501828049,0.000130715634781,0.00150802859038,1.15669281251e-15,0,1.72661640541e-08
0.71,0.861112764463,0.863935282911,0.863935282911,0.861112764463,-0.000153355688508,0.000135429208496,-0.00163619700456,0.000153355688508,0.000135429208496,0.00163619700456,8.20581973175e-16,0,1.83873061221e-08
0.715,0.903693627833,0.907112371442,0.907112371442,0.903693627833,-0.000167693437393,0.000142752771245,-0.001887967905,0.000167693437393,0.000142752771245,0.001887967905,8.58450160325e-16,0,2.01233376629e-08
0.72,0.944323701976,0.948736620258,0.948736620258,0.944323701976,-0.00020190816407,0.000153948011863,-0.00233110283425,0.00020190816407,0.000153948011863,0.00233110283425,7.95423275987e-16,0,2.27208216685e-08
0.725,0.978216652825,0.984320958447,0.984320958447,0.978216652825,-0.000270453686108,0.000170626231536,-0.00311041459113,0.000270453686108,0.000170626231536,0.00311041459113,5.55445602684e-16,0,2.67632815909e-08
0.73,1.00099548565,1.01014075226,1.01014075226,1.00099548565,-0.000405864899305,0.000194235116294,-0.00454731332559,0.000405864899305,0.000194235116294,0.00454731332559,4.62822995199e-16,0,3.36201395612e-08
0.735,1.0108627547,1.0258723725,1.0258723725,1.0108627547,-0.000680841563935,0.000222558753859,-0.00736945005669,0.000680841563935,0.000222558753859,0.00736945005669,1.46522127869e-15,0,4.65030618457e-08
0.74,1.01149257916,1.03777124734,1.03777124734,1.01149257916,-0.00121411161338,0.000242641777538,-0.0128234675487,0.00121411161338,0.000242641777538,0.0128234675487,1.30776911657e-15,0,7.14605543628e-08
0.745,0.999586278529,1.03860075317,1.03860075317,0.999586278529,-0.00186005781579,0.000305635965436,-0.0191417539369,0.00186005781579,0.000305635965437,0.0191417539369,-1.67712780668e-16,0,1.04325921679e-07
0.75,0.939484549778,0.970584722662,0.970584722662,0.939484549778,-0.00181092515381,0.000457786579919,-0.0162822225,0.00181092515381,0.000457786579919,0.0162822225,1.92286566423e-16,0,9.81434193914e-08
0.755,0.876756494029,0.892614536927,0.892614536927,0.876756494029,-0.00120086211523,0.000327906579344,-0.00896253110331,0.00120086211523,0.000327906579344,0.00896253110331,-1.08130861155e-16,0,6.26224847533e-08
0.76,0.827473907446,0.835607059419,0.835607059419,0.827473907446,-0.000749182973516,0.000180666040061,-0.00489041251472,0.000749182973516,0.000180666040061,0.00489041251472,-3.55120187721e-16,0,3.99297166442e-08
0.765,0.783340858739,0.787983615854,0.787983615854,0.783340858739,-0.000499235186946,0.000105565123054,-0.0029546775289,0.000499235186947,0.000105565123054,0.0029546775289,-3.76618449736e-16,0,2.83196892603e-08
0.77,0.744729719468,0.747645307053,0.747645307053,0.744729719468,-0.000357492913919,6.9017330788e-05,-0.00195365610753,0.000357492913919,6.90173307881e-05,0.00195365610753,7.0726531522e-16,0,2.19863069972e-08
0.775,0.713112408314,0.715087470272,0.715087470272,0.713112408314,-0.000271073020614,5.00107060613e-05,-0.00138290304301,0.000271073020614,5.00107060613e-05,0.00138290304301,1.01568582644e-15,0,1.82130821536e-08
0.78,0.689432903473,0.690855090277,0.690855090277,0.689432903473,-0.000214667493456,3.93349290846e-05,-0.00103035512193,0.000214667493456,3.93349290846e-05,0.00103035512193,3.6194434707e-16,0,1.58150050833e-08
0.785,0.674176617842,0.675254038819,0.675254038819,0.674176617842,-0.000175714223781,3.29001691245e-05,-0.000798426337678,0.000175714223781,3.29001691244e-05,0.000798426337677,4.41220917339e-16,0,1.42385134794e-08
0.79,0.667589024885,0.668441459807,0.668441459807,0.667589024885,-0.000147554900331,2.87698639839e-05,-0.000638035532707,0.000147554900331,2.87698639839e-05,0.000638035532707,9.72014636229e-17,0,1.32035953282e-08
0.795,0.66982966284,0.670530088191,0.670530088191,0.66982966284,-0.000126428519514,2.59641626892e-05,-0.000522565192494,0.000126428519514,2.59641626892e-05,0.000522565192494,1.66229533386e-16,0,1.25588406341e-08
0.8,0.68104023426,0.681635247931,0.681635247931,0.68104023426,-0.00011008869517,2.39572491961e-05,-0.000436651043641,0.00011008869517,2.3957249196e-05,0.000436651043641,6.31196286104e-16,0,1.22181464945e-08
0.805,0.701324230562,0.70184474031,0.70184474031,0.701324230562,-9.71280136768e-05,2.24523906271e-05,-0.000370953006466,9.71280136767e-05,2.24523906271e-05,0.000370953006466,8.45362001399e-16,0,1.21302132783e-08
0.81,0.730625253095,0.731092331992,0.731092331992,0.730625253095,-8.66279631251e-05,2.12748038956e-05,-0.000319541135396,8.66279631251e-05,2.12748038955e-05,0.000319541135397,-1.67153514654e-16,0,1.22616787834e-08
0.815,0.768479017265,0.768907193634,0.768907193634,0.768479017265,-7.7967742038e-05,2.03176943484e-05,-0.00027850930751,7.79677420381e-05,2.03176943484e-05,0.000278509307509,6.88802057629e-16,0,1.25854553445e-08
0.82,0.813617520253,0.814016619353,0.814016619353,0.813617520253,-7.07148838618e-05,1.95137091222e-05,-0.000245201971583,7.07148838618e-05,1.95137091222e-05,0.000245201971583,5.92499113555e-16,0,1.30703758927e-08
0.825,0.863451986042,0.863828124979,0.863828124979,0.863451986042,-6.45600902139e-05,1.88191761988e-05,-0.000217763716714,6.45600902139e-05,1.88191761988e-05,0.000217763716714,7.23498868467e-16,0,1.36707187792e-08
0.83,0.913591587119,0.913947713904,0.913947713904,0.913591587119,-5.92769929765e-05,1.8205072587e-05,-0.000194866826814,5.92769929765e-05,1.8205072587e-05,0.000194866826815,-3.97511074083e-16,0,1.43169049949e-08
0.835,0.957765638268,0.958101951543,0.958101951543,0.957765638268,-5.46965143006e-05,1.76516773807e-05,-0.000175540980008,5.46965143005e-05,1.76516773807e-05,0.000175540980008,-1.14185253283e-15,0,1.49122618698e-08
0.84,0.988654955476,0.988969523679,0.988969523679,0.988654955476,-5.06900660904e-05,1.71453144341e-05,-0.000159063667441,5.06900660904e-05,1.71453144341e-05,0.000159063667442,1.39644731616e-15,0,1.53433428185e-08
0.845,0.999855033049,1.00014480872,1.00014480872,0.999855033049,-4.715826421e-05,1.66763172164e-05,-0.000144887846554,4.715826421e-05,1.66763172164e-05,0.000144887846553,-5.40487124461e-16,0,1.55076835817e-08
0.85,0.988309310609,0.988571431291,0.988571431291,0.988309310609,-4.40231763088e-05,1.62377283885e-05,-0.000132593068015,4.40231763088e-05,1.62377283885e-05,0.000132593068015,-2.42568501882e-16,0,1.53500685496e-08
0.855,0.95572555571,0.9559584978,0.9559584978,0.95572555571,-4.12228888972e-05,1.5824452013e-05,-0.000121851772384,4.12228888972e-05,1.5824452013e-05,0.000121851772384,-1.03843144658e-15,0,1.48854970572e-08
0.86,0.907898832032,0.908102960823,0.908102960823,0.907898832032,-3.87076300172e-05,1.54326908015e-05,-0.000112405611183,3.87076300172e-05,1.54326908015e-05,0.000112405611183,-5.19334836185e-16,0,1.41917086971e-08
0.865,0.852432959781,0.852610367028,0.852610367028,0.852432959781,-3.64369560463e-05,1.50595664366e-05,-0.000104048527346,3.64369560464e-05,1.50595664366e-05,0.000104048527347,0,0,1.33769826327e-08
0.87,0.796398891712,0.796552793907,0.796552793907,0.796398891712,-3.43776796094e-05,1.47028595964e-05,-9.66144779022e-05,3.43776796094e-05,1.47028595965e-05,9.66144779024e-05,6.34091748878e-16,0,1.25453651911e-08
0.875,0.745039581751,0.745173653849,0.745173653849,0.745039581751,-3.2502322167e-05,1.43608295262e-05,-8.99683986627e-05,3.2502322167e-05,1.43608295262e-05,8.99683986632e-05,2.47209046764e-16,0,1.17763381269e-08
0.88,0.701595225067,0.70171310222,0.70171310222,0.701595225067,-3.0787943688e-05,1.40320872523e-05,-8.39994681684e-05,3.0787943688e-05,1.40320872523e-05,8.39994681688e-05,-2.57611432854e-16,0,1.11209423892e-08
0.885,0.667753484349,0.667858484854,0.667858484854,0.667753484349,-2.92152471121e-05,1.37155054653e-05,-7.86160254439e-05,2.92152471121e-05,1.37155054653e-05,7.8616025444e-05,2.23451257952e-16,0,1.06075974671e-08
0.89,0.644248323787,0.644343346718,0.644343346718,0.644248323787,-2.77678856416e-05,1.3410153777e-05,-7.37416929282e-05,2.77678856416e-05,1.34101537771e-05,7.37416929279e-05,1.76547677166e-15,0,1.02505823829e-08
0.895,0.631361116391,0.631448644752,0.631448644752,0.631361116391,-2.64319215303e-05,1.31152517392e-05,-6.93123883655e-05,2.64319215303e-05,1.31152517392e-05,6.93123883664e-05,1.66230168577e-15,0,1.00574371054e-08
0.9,0.629256718761,0.629338872329,0.629338872329,0.629256718761,-2.51953992824e-05,1.28301344256e-05,-6.527399975e-05,2.51953992824e-05,1.28301344256e-05,6.52739997508e-05,9.14989807218e-16,0,1.00340769027e-08
0.905,0.63816287142,0.638241473114,0.638241473114,0.63816287142,-2.4048006145e-05,1.25542269878e-05,-6.1580560066e-05,2.4048006145e-05,1.25542269878e-05,6.15805600656e-05,1.19891061983e-15,0,1.01876835856e-08
0.91,0.658406457585,0.658483091078,0.658483091078,0.658406457585,-2.29807998439e-05,1.22870256789e-05,-5.8192802443e-05,2.29807998438e-05,1.22870256789e-05,5.8192802444e-05,-5.8170671114e-17,0,1.05274393647e-08
0.915,0.690289561544,0.690365603899,0.690365603899,0.690289561544,-2.19859885851e-05,1.20280835799e-05,-5.50770075076e-05,2.19859885851e-05,1.20280835799e-05,5.50770075076e-05,-1.40018772833e-15,0,1.10627773608e-08
0.92,0.7337429168,0.733819529543,0.733819529543,0.7337429168,-2.10567520216e-05,1.17769997714e-05,-5.22040770913e-05,2.10567520216e-05,1.17769997714e-05,5.22040770915e-05,1.77242691828e-15,0,1.17979517267e-08
0.925,0.787660557119,0.787738616233,0.787738616233,0.787660557119,-2.0187094583e-05,1.15334110501e-05,-4.95487847496e-05,2.0187094583e-05,1.15334110501e-05,4.95487847505e-05,1.19625822022e-15,0,1.27212005374e-08
0.93,0.848867540758,0.848947489451,0.848947489451,0.848867540758,-1.93717245614e-05,1.12969855364e-05,-4.70891653809e-05,1.93717245614e-05,1.12969855364e-05,4.70891653805e-05,4.62286633268e-15,0,1.3787263331e-08
0.935,0.910949881656,0.911031517382,0.911031517382,0.910949881656,-1.86059538408e-05,1.10674177007e-05,-4.48060150887e-05,1.86059538408e-05,1.10674177006e-05,4.48060150911e-05,3.04137978013e-15,0,1.48964414137e-08
0.94,0.963804332501,0.963886611129,0.963886611129,0.963804332501,-1.788561428e-05,1.08444244561e-05,-4.26824790518e-05,1.788561428e-05,1.08444244562e-05,4.26824790512e-05,2.30253803083e-15,0,1.5883959037e-08
0.945,0.995365460915,0.995446494348,0.995446494348,0.995365460915,-1.72069876145e-05,1.0627742064e-05,-4.07037099783e-05,1.72069876146e-05,1.06277420639e-05,4.07037099782e-05,3.92162281509e-15,0,1.65446496503e-08
0.95,0.99618024415,0.99625766348,0.99625766348,0.99618024415,-1.65667463991e-05,1.04171236562e-05,-3.88565836792e-05,1.65667463991e-05,1.04171236562e-05,3.88565836794e-05,-1.06835715514e-15,0,1.67072626844e-08
0.955,0.964518130988,0.964589757724,0.964589757724,0.964518130988,-1.59619040149e-05,1.02123372355e-05,-3.71294609755e-05,1.59619040149e-05,1.02123372355e-05,3.71294609757e-05,7.33280047438e-17,0,1.63233453421e-08
0.96,0.907630333646,0.907694799449,0.907694799449,0.907630333646,-1.5389772162e-05,1.00131640429e-05,-3.55119874935e-05,1.5389772162e-05,1.00131640429e-05,3.55119874942e-05,2.07011276044e-15,0,1.54965213994e-08
0.965,0.837822654345,0.837879619718,0.837879619718,0.837822654345,-1.48479245599e-05,9.81939721146e-06,-3.39949245751e-05,1.48479245599e-05,9.81939721146e-06,3.39949245743e-05,5.90453417721e-16,0,1.44236822486e-08
0.97,0.766963338258,0.767013299886,0.767013299886,0.766963338258,-1.43341658261e-05,9.63084064571e-06,-3.25700058287e-05,1.43341658261e-05,9.6308406457e-06,3.25700058289e-05,1.19042693979e-15,0,1.33039952388e-08
0.975,0.703325146304,0.703369077104,0.703369077104,0.703325146304,-1.38465046896e-05,9.44730807742e-06,-3.12298150032e-05,1.38465046896e-05,9.44730807743e-06,3.12298150027e-05,1.03913476063e-15,0,1.22826033788e-08
0.98,0.651334036993,0.651373076105,0.651373076105,0.651334036993,-1.33831308513e-05,9.26862226276e-06,-2.99676815457e-05,1.33831308513e-05,9.26862226274e-06,2.99676815458e-05,-1.49997147594e-15,0,1.1442482073e-08
0.985,0.612750787576,0.612786055574,0.612786055574,0.612750787576,-1.29423949251e-05,9.09461429213e-06,-2.87775910096e-05,1.29423949251e-05,9.09461429213e-06,2.8777591009e-05,-2.97294717953e-16,0,1.08219218031e-08
0.99,0.587986521972,0.588019043357,0.588019043357,0.587986521972,-1.25227909909e-05,8.92512299087e-06,-2.7654107905e-05,1.25227909909e-05,8.92512299087e-06,2.76541079056e-05,-1.61163497932e-16,0,1.04359072495e-08
0.995,0.577049132751,0.577079823705,0.577079823705,0.577049132751,-1.21229413708e-05,8.75999439418e-06,-2.65923090488e-05,1.21229413708e-05,8.75999439418e-06,2.65923090493e-05,-3.92186549157e-15,0,1.02923025658e-08
1,0.580093988823,0.580123676155,0.580123676155,0.580093988823,-1.17415833053e-05,8.59908128263e-06,-2.5587725792e-05,1.17415833053e-05,8.59908128263e-06,2.55877257922e-05,-2.46957147788e-15,0,1.04018127445e-08
