frequency_hz,unsigned_area_a_v,periodic_state_residual,min_power_w,min_state,max_state
1,6.41415162569e-08,5.57375146037e-10,0,0.262466262341,0.737533737659
4.21696503429,2.50582870258e-07,5.17451281823e-09,0,0.267401422941,0.73259857706
17.7827941004,5.66112408823e-07,4.84045270532e-09,0,0.330398847792,0.669601151664
74.9894209332,2.45255539869e-07,6.951389242e-09,0,0.448198914808,0.551801077396
316.227766017,6.07057449658e-08,5.40358258139e-10,0,0.487633394783,0.512366608392
1333.52143216,1.44307309379e-08,1.06650999143e-09,0,0.497072755493,0.502927272451
5623.4132519,3.4225349561e-09,8.71289151938e-11,0,0.499306273455,0.500693736303
23713.7370566,8.11617199919e-10,4.59386417795e-11,0,0.499835527709,0.500164494057
100000,1.92464852179e-10,6.85423939828e-12,0,0.499961003216,0.500039010488
