episode,kind,return,steps,peak_dT,yield,alpha,elapsed_s
1,cav_imp,262.87902017114686,320,42.20369731209399,0.7635213531493064,1.0,12.034570217132568
2,cool_foul,285.87744942398376,320,34.980784665464796,0.8398562840067818,1.0,25.3970844745636
3,foul,281.1325749983988,320,39.039483541344,0.8198123769439827,1.0,39.095221757888794
4,cav,286.7543302552603,320,36.2309556561583,0.8393466835298451,0.9957045912742615,53.126885175704956
5,none,292.414981796083,320,11.669185100833374,0.9167780108797889,0.9770508408546448,62.456414461135864
6,cool_foul,290.5948823741387,320,12.168521384449889,0.9168438599768766,0.9605510830879211,71.97406888008118
7,cool,290.4302265159533,320,33.9577842632105,0.92064077057075,0.944761335849762,84.96434020996094
8,cool,292.0629912115416,320,42.74522924442215,0.9121361576822168,0.9294177293777466,103.31736993789673
9,cool_foul,292.87423269512936,320,10.694817905155219,0.9347614240238472,0.9144286513328552,112.86171627044678
10,cav_imp,282.5485520550475,320,10.261778227791353,0.9055088857487756,0.8997528553009033,121.77651333808899
11,foul,295.5900834281987,320,10.882506517586876,0.9231051955215498,0.8853539228439331,129.9606897830963
12,imp,293.0522425840099,320,12.162556584856702,0.9146475550997314,0.8712201714515686,138.2936851978302
13,cool,295.5960517705522,320,30.046377633229667,0.9267660096393584,0.8573415279388428,150.92568063735962
14,cav,294.25124448995456,320,10.286120973074446,0.9221785713592033,0.8436999320983887,160.71844005584717
15,cav_imp,293.34522603719853,320,11.30021252172429,0.9024136519808781,0.8302916288375854,170.09692287445068
16,foul,292.4429210269069,320,9.611781625189167,0.9275564507506829,0.8171023726463318,179.98434042930603
17,cav,288.7089797557715,320,13.160123550342178,0.9285814473218278,0.8041309714317322,189.3749611377716
18,none,294.7354391579397,320,16.879815087597024,0.9230067337368837,0.7913845777511597,198.87262845039368
19,all,288.70877007512155,320,11.16147291274359,0.9078250913609686,0.7788456082344055,208.08816766738892
20,cool_foul,288.34898797344437,320,14.030672876801248,0.9259640385125574,0.7665132284164429,217.99237751960754
21,cool,291.46520712712504,320,34.21209310067536,0.9189221551204559,0.7543962001800537,230.94820475578308
22,all,292.94685191822816,320,11.811928513111525,0.9017924674230312,0.7424649000167847,239.93494200706482
23,cav_imp,288.3522828825556,320,10.994044369516246,0.9050280076887485,0.7307159900665283,249.53994798660278
24,foul,292.06366828463683,320,10.945738789546397,0.9181695419189501,0.719157874584198,259.8150293827057
25,cav_imp,291.35969525066855,320,9.764502616276559,0.9093379890754434,0.707780659198761,270.185916185379
26,cav_imp,291.7095343432725,320,12.200560712473532,0.9088993436160272,0.6966380476951599,280.6996817588806
27,cav_imp,286.7233825037642,320,12.275195465649688,0.8986603376123607,0.6856651902198792,290.9024124145508
28,cool_foul,296.12104113691066,320,11.783847336714473,0.919040916544477,0.6748594045639038,301.1368715763092
29,cool,270.0840218716487,320,48.50439782201954,0.9201392684133091,0.6642453670501709,323.92330288887024
30,cav_imp,287.59502898815555,320,13.652005763109344,0.885445108214251,0.6537982225418091,334.31272554397583
31,foul,292.9788967050476,320,11.184279518397148,0.9183813666718197,0.6435070633888245,345.0213041305542
32,cool,297.52196814127706,320,30.32048760510736,0.9275301523270543,0.6333886981010437,358.22340416908264
33,all,289.43088601257676,320,9.754411063109728,0.9109791172467275,0.6234332323074341,367.9967315196991
34,imp,285.8220670212436,320,10.496405972682055,0.8937477812555167,0.6136761903762817,378.219845533371
35,imp,288.61346162387184,320,12.182867281564313,0.9011941028471218,0.6040400266647339,388.3177101612091
36,none,294.74266143170297,320,11.222440697819707,0.9190244214068679,0.5945755839347839,399.89575600624084
37,cool_foul,288.31797765242356,320,10.299179708287681,0.9161725529948314,0.585237979888916,411.1525926589966
38,foul,290.2671949840452,320,12.14618591491427,0.9197044854739772,0.5760682225227356,422.00007605552673
39,cool_foul,289.3848951615351,320,13.851380124988282,0.9173451009183334,0.5670778155326843,432.770795583725
40,none,289.87389215668054,320,10.454773543813644,0.9196180696873748,0.5581939816474915,443.5509901046753
41,cav,286.4969462840393,320,10.131821084393835,0.9197519783822756,0.5494457483291626,454.4587640762329
42,foul,291.7976450068396,320,11.541793253252479,0.9135957640798129,0.5408146381378174,465.4784290790558
43,all,286.01451618666175,320,11.678910936463126,0.9027092026365536,0.5323325395584106,476.3293123245239
44,none,292.75654961453523,320,12.52260781809332,0.9258791016620714,0.5240106582641602,487.76624298095703
45,cav,291.0042364305131,320,9.912947789077236,0.9186342146980349,0.5158326625823975,498.8806071281433
46,cool,287.7669052906279,320,45.28340644363334,0.9202184079552165,0.507773756980896,520.6817226409912
47,cool_foul,293.0853951503436,320,12.608481481833849,0.9199033135351087,0.49978718161582947,529.5679728984833
48,none,291.56499661420787,320,9.56208392661722,0.9285755656710242,0.49191924929618835,538.2910611629486
49,cool,287.3061901021525,320,44.395745412038934,0.9140315815487892,0.48417186737060547,556.2481229305267
50,cool_foul,297.5294655867436,320,9.829028951958776,0.9282018777595,0.47663652896881104,566.4677379131317
51,cav,291.41177678024627,320,13.396327725830645,0.9250303564987726,0.46914833784103394,576.7020788192749
52,cool,272.2399851342573,320,47.874717293082995,0.9221845455367904,0.4617813229560852,600.4742739200592
53,all,286.81581901345135,320,8.839673723747353,0.8966947014736959,0.45453357696533203,609.3672666549683
54,cav_imp,291.1026515262235,320,10.433882302557151,0.9082394622638119,0.44739148020744324,618.48970246315
55,cav_imp,288.2345446200369,320,15.236700457623897,0.8876084892403798,0.4403517246246338,628.1996693611145
56,cav_imp,292.1033358086928,320,16.281075673979217,0.9025999812943546,0.43347203731536865,637.8169062137604
57,cool,294.8299901869439,320,41.204640904554424,0.9316105953701473,0.42672356963157654,653.1909883022308
58,foul,295.7687834185708,320,10.158631169371574,0.9270493836259996,0.4200674891471863,662.5044000148773
59,none,288.9683124814103,320,11.691852206495298,0.9194336799233339,0.41348451375961304,672.172721862793
60,cool_foul,291.37743291488067,320,13.197741518125952,0.9201188988176988,0.40695950388908386,681.7174038887024
61,foul,292.0660529750506,320,17.74791441564156,0.9247207688256962,0.4005601704120636,691.0190110206604
62,cool_foul,291.3447817365648,320,14.080115793721404,0.9100220891858433,0.3942429721355438,700.4708065986633
63,cool_foul,294.73371860044415,320,16.155909352009644,0.9251348031852452,0.3880462050437927,710.8816523551941
64,none,291.7944023852576,320,10.070848451694872,0.9238906367561114,0.38193774223327637,719.5894167423248
65,all,289.6001406460916,320,15.73142434913808,0.8949571143136894,0.3759022355079651,728.2882890701294
66,cav,296.22485351704796,320,13.48420831791367,0.9166003370644018,0.36996158957481384,736.8754916191101
67,none,294.70660322749256,320,15.669991165538761,0.9280783445321205,0.3641720414161682,746.34255194664
68,cav,293.73029119685765,320,15.252498929869716,0.9220868587799652,0.3584820628166199,756.1561985015869
69,foul,293.01467987756087,320,16.87754949795766,0.9148671758812422,0.3529309332370758,766.3911917209625
70,cav,292.8210291652679,320,14.20725374702522,0.922261057744025,0.34738707542419434,776.1685972213745
71,all,292.6403454043695,320,16.26488033272358,0.8920366590227035,0.34197086095809937,786.2360188961029
72,imp,296.50145193749154,320,14.127431110727343,0.9130739580804821,0.33668458461761475,795.9853782653809
73,cool_foul,297.67304889249846,320,16.223637523841887,0.9310103806832221,0.33148670196533203,805.8487181663513
74,cav_imp,292.33211220977347,320,13.925933768582638,0.8966621146861348,0.32633456587791443,815.6129062175751
75,cool_foul,291.2788924359828,320,12.269578761070193,0.9092866509003431,0.3212413191795349,824.4075853824615
76,foul,296.65115578825174,320,17.597470069404835,0.9152533059884166,0.31621819734573364,833.1183516979218
77,cav,296.53652549306054,320,15.13606949542725,0.9126113118358896,0.31127262115478516,841.7473833560944
78,cool_foul,299.74629179737605,320,18.663375788746123,0.9170616179682192,0.30648645758628845,852.5739319324493
79,cool_foul,295.0594083570823,320,15.16511655168955,0.9132394495795547,0.30172964930534363,862.5453934669495
80,cool,262.8739736991718,320,47.715665126045224,0.9213672861137295,0.2970263361930847,889.0021479129791
81,foul,294.35894641145217,320,12.534720283605054,0.904800244882845,0.29243212938308716,899.0566892623901
82,all,295.2461663925293,320,18.20729477764604,0.8973146468732262,0.2879143953323364,909.0931656360626
83,cool,245.84148544486794,320,47.63166106756222,0.9147635115207153,0.2833750545978546,939.8812317848206
84,cav_imp,294.2524822670169,320,17.340285104853194,0.8944432965984213,0.2789310812950134,950.4460275173187
85,imp,294.4458607360609,320,14.393831442203634,0.8952445231803299,0.2746737003326416,960.9055349826813
86,cool,297.24736095436265,320,42.39661345896849,0.9261292773832892,0.27042296528816223,981.6350321769714
87,foul,287.2890856485392,320,16.402228352757618,0.9199807451421205,0.2661811113357544,991.1120920181274
88,cool_foul,293.83894648027666,320,13.751373595005077,0.9148698282734837,0.2620103061199188,1001.4465391635895
89,cool,222.74947441080718,320,49.35762841092901,0.9144588174241751,0.2579232454299927,1030.692043542862
90,none,294.46408006705315,320,18.50544837879238,0.9185335237279958,0.2539035975933075,1039.8300564289093
91,foul,297.9632433989554,320,15.104234662428325,0.9121743785461204,0.2499247044324875,1049.9905803203583
92,cool_foul,293.1882246024606,320,13.540244364070816,0.9059619519194752,0.24607710540294647,1060.476077079773
93,foul,292.30582236522804,320,14.344428439699925,0.9033278150211029,0.24225132167339325,1071.255558013916
94,foul,294.9757977992538,320,13.994813531324667,0.9047385755740796,0.2385416030883789,1081.8442056179047
95,cool,271.2516945653883,320,48.59856448470538,0.9129560326023097,0.23482733964920044,1103.2300083637238
96,cool,265.6811957436523,320,47.2089604254694,0.906796649074979,0.23123915493488312,1125.0648217201233
97,all,291.29275419860807,320,11.972049454691614,0.8821146963604126,0.22766715288162231,1133.7722578048706
98,cav,296.9678883045503,320,14.455590401659265,0.8923301190548171,0.22419579327106476,1143.3932659626007
99,none,297.58665895007033,320,14.987796233928691,0.911386036417843,0.22073134779930115,1154.1030220985413
100,all,291.0649785119831,320,12.47405826787491,0.8891076896172736,0.21729286015033722,1164.0811607837677
101,none,291.639320120379,320,16.795065291991648,0.911025051683387,0.21398116648197174,1174.04208111763
102,cav,293.71057489511026,320,13.989842128435043,0.9131716668705344,0.21072661876678467,1184.4561371803284
103,none,292.857496717904,320,13.718890339154598,0.891365694303254,0.20748946070671082,1194.4424221515656
104,cav,297.7237065537134,320,13.227049552165738,0.9259271900728064,0.20435264706611633,1205.438392162323
105,foul,295.60276582738885,320,14.989501837289538,0.9202669267571945,0.2012639343738556,1216.6855444908142
106,all,289.73445378516095,320,15.975739003784838,0.8998877013791567,0.1981840580701828,1227.1525619029999
107,all,294.6805042941879,320,15.848429916496059,0.8904199338950936,0.19517186284065247,1237.8205494880676
108,cool,291.9918469383074,320,25.23102412448742,0.9167357609366673,0.1921297311782837,1250.7359430789948
109,none,293.48240195376036,320,15.522450125909074,0.9091618843370253,0.18916146457195282,1261.4456903934479
110,foul,293.8607054402799,320,15.9616863044576,0.909304025113376,0.1861979067325592,1271.9428639411926
