time_s,FID_real,FID_imag,FID_abs,Hahn_real,Hahn_imag,Hahn_abs,CPMG1_real,CPMG1_imag,CPMG1_abs,CPMG4_real,CPMG4_imag,CPMG4_abs,CPMG16_real,CPMG16_imag,CPMG16_abs,CPMG64_real,CPMG64_imag,CPMG64_abs,UDD1_real,UDD1_imag,UDD1_abs,UDD4_real,UDD4_imag,UDD4_abs,UDD16_real,UDD16_imag,UDD16_abs,UDD64_real,UDD64_imag,UDD64_abs
0,1,-2.60293873204e-47,1,1,1.88178254559e-46,1,1,1.88178254559e-46,1,1,-4.31662237817e-46,1,1,-1.237998389e-44,1,1,-5.48966601273e-44,1,1,1.88178254559e-46,1,1,2.31106593741e-45,1,1,4.472719964e-46,1,1,2.12132315349e-43,1
1e-08,0.999999397531,0.000241932071134,0.999999426796,0.9999995,1.60877549634e-17,0.9999995,0.9999995,1.60877549634e-17,0.9999995,0.9999995,-1.41763902144e-14,0.9999995,0.999999500001,1.57580908286e-14,0.999999500001,0.999999500003,1.16800301809e-15,0.999999500003,0.9999995,1.65810928412e-17,0.9999995,0.9999995,1.02136210435e-15,0.9999995,0.999999500001,5.84314985713e-15,0.999999500001,0.999999500004,4.10432599515e-14,0.999999500004
1.13505568075e-08,0.999999300456,0.000274606346865,0.99999933816,0.999999432472,4.27294433806e-17,0.999999432472,0.999999432472,4.27294433806e-17,0.999999432472,0.999999432473,2.90025022356e-15,0.999999432473,0.999999432473,-1.15583447332e-14,0.999999432473,0.999999432476,-4.50765088842e-15,0.999999432476,0.999999432472,9.30979793164e-18,0.999999432472,0.999999432473,-2.01924859266e-14,0.999999432473,0.999999432473,-1.86699611513e-14,0.999999432473,0.999999432476,7.41860363798e-15,0.999999432476
1.2883513984e-08,0.999999185741,0.000311693460864,0.999999234317,0.999999355824,-6.99399116976e-17,0.999999355824,0.999999355824,-6.99399116976e-17,0.999999355824,0.999999355825,-7.49922762272e-15,0.999999355825,0.999999355826,5.61929770696e-15,0.999999355826,0.999999355829,1.69225959233e-14,0.999999355829,0.999999355824,-4.23369167187e-17,0.999999355824,0.999999355825,1.16711999076e-16,0.999999355825,0.999999355826,-4.42907857823e-15,0.999999355826,0.999999355828,-3.70450312385e-14,0.999999355828
1.46235057356e-08,0.999999049698,0.000353789389162,0.999999112281,0.999999268824,1.1088740454e-16,0.999999268824,0.999999268824,1.1088740454e-16,0.999999268824,0.999999268825,5.47856809082e-15,0.999999268825,0.999999268826,1.3345963943e-15,0.999999268826,0.999999268829,7.76968447253e-15,0.999999268829,0.999999268824,1.62692698245e-16,0.999999268824,0.999999268825,-1.34549312772e-14,0.999999268825,0.999999268826,6.33423935137e-15,0.999999268826,0.999999268829,4.27306517288e-14,0.999999268829
1.65984932576e-08,0.999998887763,0.000401570596607,0.999998968393,0.999999170074,1.97352839348e-16,0.999999170074,0.999999170074,1.97352839348e-16,0.999999170074,0.999999170076,-4.6283887642e-15,0.999999170076,0.999999170077,1.62927560406e-14,0.999999170077,0.999999170081,1.33029188825e-15,0.999999170081,0.999999170074,1.91327876842e-16,0.999999170074,0.999999170076,-6.99858508433e-15,0.999999170076,0.999999170077,7.32785294685e-15,0.999999170077,0.999999170079,3.8306265056e-14,0.999999170079
1.8840214064e-08,0.999998694273,0.000455804906996,0.999998798152,0.999999057987,-1.51090996639e-17,0.999999057987,0.999999057987,-1.51090996639e-17,0.999999057987,0.99999905799,-1.91231040047e-14,0.99999905799,0.999999057991,7.65309541124e-16,0.999999057991,0.999999057994,-7.24371247426e-15,0.999999057994,0.999999057987,-1.16022645817e-17,0.999999057987,0.99999905799,-7.59577807671e-15,0.99999905799,0.999999057991,1.81335263719e-14,0.999999057991,0.999999057994,6.34495254531e-14,0.999999057994
2.13846919998e-08,0.999998462172,0.00051736384106,0.999998596005,0.999998930762,-4.83403857027e-17,0.999998930762,0.999998930762,-4.83403857027e-17,0.999998930762,0.999998930766,-5.5965348776e-15,0.999998930766,0.999998930767,-2.64815829249e-16,0.999998930767,0.999998930769,7.0345123716e-15,0.999998930769,0.999998930762,8.19205405098e-17,0.999998930762,0.999998930766,-5.30333205417e-15,0.999998930766,0.999998930767,-7.33612966588e-16,0.999998930767,0.99999893077,6.23319074998e-15,0.99999893077
2.42728161355e-08,0.999998182649,0.000587236620415,0.999998355073,0.999998786353,-7.33872120681e-17,0.999998786353,0.999998786353,-7.33872120681e-17,0.999998786353,0.99999878636,-9.2155022233e-15,0.99999878636,0.999998786361,-1.9722352359e-15,0.999998786361,0.999998786363,7.43851283486e-16,0.999998786363,0.999998786353,-8.72245040095e-17,0.999998786353,0.99999878636,-1.52792403628e-14,0.99999878636,0.999998786361,4.75114553701e-14,0.999998786361,0.999998786364,-3.32433292152e-15,0.999998786364
2.75509978424e-08,0.999997844663,0.000666546062625,0.999998066805,0.99999862244,8.261361765e-17,0.99999862244,0.99999862244,8.261361765e-17,0.99999862244,0.999998622451,4.83675103499e-15,0.999998622451,0.999998622452,3.25795161537e-15,0.999998622452,0.999998622456,6.35747617412e-15,0.999998622456,0.99999862244,-2.21523440779e-18,0.99999862244,0.999998622451,-1.85090471991e-14,0.999998622451,0.999998622452,9.81159949366e-17,0.999998622452,0.999998622455,1.62583098834e-14,0.999998622455
3.12719166113e-08,0.999997434347,0.000756566622386,0.999997720544,0.999998436386,-2.82161601258e-17,0.999998436386,0.999998436386,-2.82161601258e-17,0.999998436386,0.999998436406,-9.03134017437e-15,0.999998436406,0.999998436406,-1.54140971431e-15,0.999998436406,0.999998436409,2.46692122333e-15,0.999998436409,0.999998436386,2.81586461331e-17,0.999998436386,0.999998436406,7.82353242198e-15,0.999998436406,0.999998436406,9.63206008537e-15,0.999998436406,0.999998436409,3.12392087339e-14,0.999998436409
3.54953665976e-08,0.999996934239,0.000858744868635,0.999997302962,0.999998225202,6.0599911976e-17,0.999998225202,0.999998225202,6.0599911976e-17,0.999998225202,0.999998225234,-1.17850567162e-14,0.999998225234,0.999998225234,-4.56419209552e-15,0.999998225234,0.999998225238,-1.04528006755e-14,0.999998225238,0.999998225202,6.09437108487e-17,0.999998225202,0.999998225234,8.25523290828e-15,0.999998225234,0.999998225234,-1.48645552634e-14,0.999998225234,0.999998225237,-5.28488860284e-14,0.999998225237
4.02892174968e-08,0.999996322304,0.000974722726163,0.999996797348,0.999997985488,-2.72814665681e-17,0.999997985488,0.999997985488,-2.72814665681e-17,0.999997985488,0.999997985541,-8.90168387592e-15,0.999997985541,0.999997985542,9.99009800889e-15,0.999997985542,0.999997985544,-1.85072825518e-15,0.999997985544,0.999997985488,2.46037243211e-17,0.999997985488,0.999997985541,8.54904183034e-16,0.999997985541,0.999997985542,-2.30791579781e-14,0.999997985542,0.999997985545,-2.33192815413e-14,0.999997985545
4.57305051927e-08,0.99999557067,0.00110636385461,0.999996182693,0.99999771339,-1.23416082742e-17,0.99999771339,0.99999771339,-1.23416082742e-17,0.99999771339,0.999997713478,-1.02551534991e-14,0.999997713478,0.999997713478,-3.38369287025e-15,0.999997713478,0.999997713481,3.17660951294e-15,0.999997713481,0.99999771339,-1.8946403178e-16,0.99999771339,0.999997713478,-3.96399567457e-15,0.999997713478,0.999997713478,-2.11267684208e-17,0.999997713478,0.999997713481,2.91872226237e-14,0.999997713481
5.19066697026e-08,0.999994644026,0.00125578358805,0.999995432527,0.999997404524,-8.23613106852e-17,0.999997404524,0.999997404524,-8.23613106852e-17,0.999997404524,0.99999740467,7.77169765047e-15,0.99999740467,0.999997404671,1.6251868632e-14,0.999997404671,0.999997404673,4.37044658342e-15,0.999997404673,0.999997404524,-6.57146718622e-17,0.999997404524,0.99999740467,1.5250637802e-14,0.99999740467,0.999997404671,-1.82332844147e-14,0.999997404671,0.999997404674,-3.93242270656e-14,0.999997404674
5.89169603147e-08,0.999993497552,0.00142538291506,0.999994513416,0.999997053915,-2.65945145171e-16,0.999997053915,0.999997053915,-2.65945145171e-16,0.999997053915,0.999997054157,7.55312932252e-15,0.999997054157,0.999997054157,5.47386039332e-16,0.999997054157,0.99999705416,5.94026108655e-15,0.99999705416,0.999997053915,-3.44169101924e-16,0.999997053915,0.999997054157,2.35110471559e-14,0.999997054157,0.999997054157,-2.63047037622e-14,0.999997054157,0.99999705416,-7.11645003291e-14,0.99999705416
6.68740304976e-08,0.999992074271,0.00161788704345,0.99999338306,0.999996655903,5.94877836547e-17,0.999996655903,0.999996655903,5.94877836547e-17,0.999996655903,0.999996656304,-4.88868582503e-15,0.999996656304,0.999996656305,5.28433249356e-15,0.999996656305,0.999996656308,3.7137747991e-15,0.999996656308,0.999996655903,9.98686052649e-17,0.999996655903,0.999996656304,-2.43492562656e-14,0.999996656304,0.999996656305,-2.20887216751e-14,0.999996656305,0.999996656308,1.47545959561e-14,0.999996656308
7.5905748211e-08,0.999990301656,0.00183638916705,0.999991987834,0.999996204054,-1.6895323695e-16,0.999996204054,0.999996204054,-1.6895323695e-16,0.999996204054,0.99999620472,7.945741893e-15,0.99999620472,0.999996204721,1.83038719208e-14,0.999996204721,0.999996204723,-9.63589021346e-15,0.999996204723,0.999996204054,-8.44170806594e-17,0.999996204054,0.99999620472,1.47102134673e-14,0.99999620472,0.999996204721,-1.04513133571e-14,0.999996204721,0.999996204724,3.63055976802e-14,0.999996204724
8.61572507084e-08,0.999988087265,0.00208440013416,0.999990259651,0.999995691042,-4.03626691938e-16,0.999995691042,0.999995691042,-4.03626691938e-16,0.999995691042,0.999995692147,-2.29085116492e-15,0.999995692147,0.999995692148,-3.37156626259e-15,0.999995692148,0.999995692151,1.13865604969e-14,0.999995692151,0.999995691042,-5.89906638785e-16,0.999995691042,0.999995692147,5.92169290671e-15,0.999995692147,0.999995692148,-4.0629604741e-14,0.999995692148,0.999995692151,2.36376753419e-14,0.999995692151
9.77932768543e-08,0.99998531315,0.00236590481063,0.99998811194,0.999995108515,-1.21672117077e-16,0.999995108515,0.999995108515,-1.21672117077e-16,0.999995108515,0.999995110348,1.91595704068e-15,0.999995110348,0.999995110349,1.28352790057e-15,0.999995110349,0.999995110352,4.09709437158e-15,0.999995110352,0.999995108515,1.6441009062e-16,0.999995108515,0.999995110348,-1.17146856951e-14,0.999995110348,0.999995110349,9.63312248318e-15,0.999995110349,0.999995110352,-1.72017805931e-14,0.999995110352
1.11000814433e-07,0.999981828671,0.00268542603541,0.999985434486,0.999994446933,-5.89635726059e-16,0.999994446933,0.999994446933,-5.89635726059e-16,0.999994446933,0.999994449975,8.86491438104e-15,0.999994449975,0.999994449975,6.43153024965e-15,0.999994449975,0.999994449977,4.70833463273e-15,0.999994449977,0.999994446933,-4.26412254901e-16,0.999994446933,0.999994449975,9.61253036454e-15,0.999994449975,0.999994449976,-2.46614906668e-14,0.999994449976,0.999994449978,-7.04877537497e-14,0.999994449978
1.25992104989e-07,0.999977441283,0.00304809718552,0.999982086825,0.999993695366,7.92525372125e-16,0.999993695366,0.999993695366,7.92525372125e-16,0.999993695366,0.999993700415,1.41038964711e-14,0.999993700415,0.999993700415,1.24026276485e-15,0.999993700415,0.999993700418,5.89676092547e-15,0.999993700418,0.999993695366,4.75366324892e-16,0.999993695366,0.999993700415,2.02174871229e-14,0.999993700415,0.999993700416,-2.19960996211e-14,0.999993700416,0.999993700418,-1.66485949919e-14,0.999993700418
1.43008054498e-07,0.999971904705,0.00345974450017,0.999977889771,0.999992841245,-1.05771676843e-16,0.999992841245,0.999992841245,-1.05771676843e-16,0.999992841245,0.999992849623,-4.90820009357e-15,0.999992849623,0.999992849624,2.89662323124e-16,0.999992849624,0.999992849625,-5.24841686756e-15,0.999992849625,0.999992841245,-1.25817358467e-16,0.999992841245,0.999992849623,1.83869378565e-15,0.999992849623,0.999992849624,1.74836623697e-14,0.999992849624,0.999992849627,3.11136068485e-14,0.999992849627
1.62322104651e-07,0.999964903752,0.00392698046355,0.999972614581,0.999991870027,1.06595415098e-15,0.999991870027,0.999991870027,1.06595415098e-15,0.999991870027,0.999991883928,2.07641714734e-15,0.999991883928,0.999991883929,-1.00126597779e-14,0.999991883929,0.999991883931,1.16149064793e-15,0.999991883931,0.999991870027,1.33564175663e-15,0.999991870027,0.999991883928,-7.03826735938e-15,0.999991883928,0.999991883929,-2.94740680801e-14,0.999991883929,0.999991883931,1.69621954877e-14,0.999991883931
1.84244626995e-07,0.999956034891,0.00445730971285,0.999965969083,0.999990764747,-3.62927547463e-16,0.999990764747,0.999990764747,-3.62927547463e-16,0.999990764747,0.99999078781,2.1091595351e-14,0.99999078781,0.999990787812,-6.49616836766e-15,0.999990787812,0.999990787815,-4.63163664145e-15,0.999990787815,0.999990764747,7.12361195352e-16,0.999990764747,0.999990787811,3.06287874594e-14,0.999990787811,0.999990787812,-1.76673846325e-14,0.999990787812,0.999990787815,2.46645772782e-14,0.999990787815
2.09127910518e-07,0.999944781333,0.00505924912419,0.999957579958,0.999989505398,7.6632921978e-16,0.999989505398,0.999989505398,7.6632921978e-16,0.999989505398,0.999989543657,-5.82752878437e-15,0.999989543657,0.99998954366,-1.25774226345e-14,0.99998954366,0.999989543662,-3.84133027218e-15,0.999989543662,0.999989505398,4.33633610854e-16,0.999989505398,0.999989543659,-2.34372096369e-14,0.999989543659,0.99998954366,3.2569192804e-15,0.99998954366,0.999989543663,-4.77452523154e-14,0.999989543663
2.37371822837e-07,0.999930481175,0.0057424639346,0.999946970131,0.999988068016,1.3468462117e-15,0.999988068016,0.999988068016,1.3468462117e-15,0.999988068016,0.999988131475,-5.30543641049e-15,0.999988131475,0.99998813148,-8.63988441877e-15,0.99998813148,0.999988131482,-5.02961266578e-15,0.999988131482,0.999988068016,9.54608344712e-16,0.999988068016,0.99998813148,-2.10737466604e-14,0.99998813148,0.99998813148,-1.15821742508e-14,0.99998813148,0.999988131483,7.99363173403e-15,0.999988131483
2.69430235961e-07,0.999912286708,0.00651792198441,0.999933529999,0.999986423336,8.95626723063e-16,0.999986423336,0.999986423336,8.95626723063e-16,0.999986423336,0.999986528569,7.02757307287e-17,0.999986528569,0.99998652858,4.3746261081e-15,0.99998652858,0.999986528583,-3.33168552778e-15,0.999986528583,0.999986423336,9.60871771276e-16,0.999986423336,0.999986528579,-1.33267215777e-14,0.999986528579,0.99998652858,-1.1741246917e-14,0.99998652858,0.999986528583,1.53722674355e-14,0.999986528583
3.05818319893e-07,0.999889112552,0.00739806840955,0.99991648092,0.999984534719,-1.23592274625e-15,0.999984534719,0.999984534719,-1.23592274625e-15,0.999984534719,0.99998470918,1.58534039964e-14,0.99998470918,0.999984709202,-9.93206651621e-15,0.999984709202,0.999984709205,-1.78452341684e-14,0.999984709205,0.999984534719,-1.27309693221e-15,0.999984534719,0.999984709201,7.20261315137e-15,0.999984709201,0.999984709202,-7.1810442024e-15,0.999984709202,0.999984709205,-1.09314040125e-13,0.999984709205
3.47120821272e-07,0.999859569731,0.00839702337739,0.999894829062,0.999982354934,1.45026177189e-15,0.999982354934,0.999982354934,1.45026177189e-15,0.999982354934,0.999982644064,-1.1744912648e-14,0.999982644064,0.99998264411,3.53391850578e-15,0.99998264411,0.999982644113,-1.66014179187e-14,0.999982644113,0.999982354934,1.31438441006e-15,0.999982354934,0.99998264411,-7.17521267704e-15,0.99998264411,0.99998264411,2.0960556362e-14,0.99998264411,0.999982644113,5.1388288442e-15,0.999982644113
3.94001460091e-07,0.999821882185,0.00953080573761,0.999867307374,0.999979821068,-1.90837642179e-15,0.999979821068,0.999979821068,-1.90837642179e-15,0.999979821068,0.999980300025,-4.04806112279e-15,0.999980300025,0.999980300121,6.8878930683e-16,0.999980300121,0.999980300125,-2.20635045452e-14,0.999980300125,0.999979821068,-1.17561855968e-15,0.999979821068,0.999980300121,6.43506488648e-16,0.999980300121,0.999980300122,-1.62329699902e-14,0.999980300122,0.999980300125,8.91977057244e-15,0.999980300125
4.472135955e-07,0.999773781533,0.0108175857467,0.99983230314,0.999976846409,3.55328140073e-16,0.999976846409,0.999976846409,3.55328140073e-16,0.999976846409,0.999977639365,-1.96111961882e-15,0.999977639365,0.999977639571,3.24399832408e-15,0.999977639571,0.999977639574,1.10482109656e-14,0.999977639574,0.999976846409,-2.18452967239e-15,0.999976846409,0.99997763957,1.55674219378e-14,0.99997763957,0.999977639571,-2.40681379814e-15,0.999977639571,0.999977639574,4.1884529089e-14,0.999977639574
5.07612332081e-07,0.999712375236,0.0122779703136,0.999787768357,0.999973307425,6.72006784993e-16,0.999973307425,0.999973307425,6.72006784993e-16,0.999973307425,0.99997461927,1.99285436044e-15,0.99997461927,0.999974619705,-8.13578830557e-16,0.999974619705,0.999974619708,-8.3621585077e-15,0.999974619708,0.999973307425,2.4289005743e-15,0.999973307425,0.999974619706,-2.52096308491e-15,0.999974619706,0.999974619706,-6.57557808408e-15,0.999974619706,0.999974619709,3.93350852211e-14,0.999974619709
5.76168261147e-07,0.999633982764,0.0139353244925,0.999731110232,0.999969022855,2.00438982978e-15,0.999969022855,0.999969022855,2.00438982978e-15,0.999969022855,0.999971191079,-7.31731450498e-15,0.999971191079,0.999971191999,-7.29736883702e-15,0.999971191999,0.999971192005,-3.45706080154e-15,0.999971192005,0.999969022855,3.07852629773e-15,0.999969022855,0.999971192002,-3.99904157305e-15,0.999971192002,0.999971192003,-7.63649749675e-14,0.999971192003,0.999971192006,2.13320313487e-14,0.999971192006
6.53983057882e-07,0.999533934123,0.0158161332058,0.999659059646,0.999963720137,2.36764518257e-15,0.999963720137,0.999963720137,2.36764518257e-15,0.999963720137,0.999967299434,8.76197177556e-15,0.999967299434,0.999967301375,3.20465158593e-15,0.999967301375,0.999967301385,-4.61634645849e-15,0.999967301385,0.999963720137,2.98278349841e-15,0.999963720137,0.999967301381,-2.06121068845e-15,0.999967301381,0.999967301383,4.80945716309e-14,0.999967301383,0.999967301385,3.69580892784e-15,0.999967301385
7.42307184963e-07,0.999406325479,0.0179504074116,0.999567516746,0.999956981758,-3.74004410844e-15,0.999956981758,0.999956981758,-3.74004410844e-15,0.999956981758,0.999962881235,3.39312100022e-15,0.999962881235,0.999962885315,-3.93256191606e-15,0.999962885315,0.999962885333,-1.11992917391e-14,0.999962885333,0.999956981758,-5.79702560303e-16,0.999956981758,0.999962885327,1.84747071679e-14,0.999962885327,0.99996288533,1.12745860879e-14,0.99996288533,0.999962885333,2.25824222039e-14,0.999962885333
8.42559987153e-07,0.999243728029,0.0203721391238,0.999451375534,0.999948160106,-1.86260269821e-17,0.999948160106,0.999948160106,-1.86260269821e-17,0.999948160106,0.999957864322,3.48025379753e-14,0.999957864322,0.999957872856,2.58408071994e-14,0.999957872856,0.999957872892,-5.309620993e-15,0.999957872892,0.999948160106,1.12287296255e-15,0.999948160106,0.99995787288,-4.08844437455e-15,0.99995787288,0.999957872889,1.47540500797e-14,0.999957872889,0.999957872892,8.56646305406e-14,0.999957872892
9.5635249979e-07,0.999036849262,0.0231198098884,0.99930433392,0.999936243788,1.48722410883e-15,0.999936243788,0.999936243788,1.48722410883e-15,0.999936243788,0.999952165715,1.0970481543e-13,0.999952165715,0.999952183451,-4.02895961485e-15,0.999952183451,0.999952183522,-1.14865330378e-15,0.999952183522,0.999936243788,3.15466255407e-15,0.999936243788,0.999952183488,-2.49275808843e-14,0.999952183488,0.999952183519,-3.99107028429e-14,0.999952183519,0.999952183522,5.63168765744e-14,0.999952183522
1.08551333769e-06,0.998774150863,0.0262369575626,0.999118702845,0.999919650918,-9.46126453495e-16,0.999919650918,0.999919650918,-9.46126453495e-16,0.999919650918,0.999945689114,2.94250486793e-13,0.999945689114,0.999945725668,-1.75011812542e-14,0.999945725668,0.999945725808,-5.86468185436e-15,0.999945725808,0.999919650918,-1.42774786843e-15,0.999919650918,0.999945725699,-2.23403899943e-14,0.999945725699,0.999945725807,1.79508917651e-14,0.999945725807,0.99994572581,-2.05488823947e-14,0.99994572581
1.23211808047e-06,0.998441434714,0.0297728066573,0.998885237938,0.999895916145,-2.87082001293e-15,0.999895916145,0.999895916145,-2.87082001293e-15,0.999895916145,0.999938321195,8.52522529024e-13,0.999938321195,0.999938395713,-4.37427661354e-15,0.999938395713,0.999938395997,1.19041605175e-14,0.999938395997,0.999895916145,-2.14808450889e-15,0.999895916145,0.999938395618,-1.20453443636e-14,0.999938395618,0.999938395994,-2.89276943909e-14,0.999938395994,0.999938395997,-6.85356039154e-14,0.999938395997
1.39852262659e-06,0.998021416589,0.0337829682526,0.998593028673,0.999861230425,-7.62270450022e-16,0.999861230425,0.999861230425,-7.62270450022e-16,0.999861230425,0.999929926,2.4943524283e-12,0.999929926,0.999930075753,-1.17703218138e-15,0.999930075753,0.999930076315,-3.71428573058e-14,0.999930076315,0.999861230425,5.9727642158e-15,0.999861230425,0.99993007501,9.5866966125e-15,0.99993007501,0.999930076315,9.12604579663e-15,0.999930076315,0.999930076317,5.09780110034e-14,0.999930076317
1.58740105197e-06,0.997493311962,0.0383302166983,0.998229489106,0.999809791369,6.73968860599e-15,0.999809791369,0.999809791369,6.73968860599e-15,0.999809791369,0.999920336633,7.2568270414e-12,0.999920336633,0.999920632004,-1.34487962769e-14,0.999920632004,0.999920633096,-1.0728854393e-14,0.999920633096,0.999809791369,-3.88542229197e-16,0.999809791369,0.999920628602,-8.97682217702e-15,0.999920628602,0.999920633098,-2.68551348392e-14,0.999920633098,0.999920633101,4.53963241263e-14,0.999920633101
1.80178858166e-06,0.996832450493,0.0434853517809,0.99778049198,0.999732938859,2.07044330395e-15,0.999732938859,0.999732938859,2.07044330395e-15,0.999732938859,0.999909344146,2.04444300576e-11,0.999909344146,0.999909912557,1.59462772501e-15,0.999909912557,0.999909914625,3.47561674203e-14,0.999909914625,0.999732938859,5.26587840543e-15,0.999732938859,0.999909899253,-2.40929048644e-14,0.999909899253,0.99990991463,-2.3288523527e-14,0.99990991463,0.999909914633,-2.7188250878e-14,0.999909914633
2.04513036513e-06,0.996009899086,0.0493281556601,0.997230658383,0.999618103885,1.45390860929e-14,0.999618103885,0.999618103885,1.45390860929e-14,0.999618103885,0.999896686106,5.55663765411e-11,0.999896686106,0.999897744919,2.48043866384e-14,0.999897744919,0.9998977487,5.86538739767e-16,0.9998977487,0.999618103885,7.21530259132e-15,0.999618103885,0.999897696678,-2.43102550207e-14,0.999897696678,0.999897748711,-2.82892742666e-14,0.999897748711,0.999897748714,9.4147562676e-15,0.999897748714
2.32133683881e-06,0.994991988348,0.055948450693,0.996563739062,0.99944770951,-2.04011519764e-14,0.99944770951,0.99944770951,-2.04011519764e-14,0.99944770951,0.999882044198,1.43834410791e-10,0.999882044198,0.999883933274,5.47355304684e-14,0.999883933274,0.999883939871,5.30984869343e-16,0.999883939871,0.99944770951,-1.663354934e-14,0.99944770951,0.999883766231,-1.47815440984e-13,0.999883766231,0.999883939894,-9.08546605711e-14,0.999883939894,0.999883939897,-5.63438601702e-14,0.999883939897
2.63484656582e-06,0.993739500645,0.063447252045,0.99576289795,0.999198333454,-2.87289326911e-14,0.999198333454,0.999198333454,-2.87289326911e-14,0.999198333454,0.999865071319,3.44456660204e-10,0.999865071319,0.999868255448,9.99240032205e-14,0.999868255448,0.99986826631,1.14484852291e-14,0.99986826631,0.999198333454,-3.99561518225e-14,0.999198333454,0.999867696977,-9.33070590273e-13,0.999867696977,0.99986826635,-3.69020349099e-15,0.99986826635,0.999868266353,2.20811587043e-14,0.999868266353
2.99069756244e-06,0.992206154355,0.0719379833522,0.994810598149,0.998840598082,-1.52111658499e-13,0.998840598082,0.998840598082,-1.52111658499e-13,0.998840598082,0.999845469116,7.24394275546e-10,0.999845469116,0.999850459572,9.48182495636e-14,0.999850459572,0.999850476242,-1.07028100839e-14,0.999850476242,0.998840598082,-1.46527714388e-13,0.998840598082,0.999848652054,-5.85245519314e-12,0.999848652054,0.999850476303,1.63009660705e-14,0.999850476303,0.999850476305,1.10732931831e-13,0.999850476305
3.39460825765e-06,0.99033612756,0.0815476947322,0.993687914824,0.998340150026,-6.03295309488e-13,0.998340150026,0.998340150026,-6.03295309488e-13,0.998340150026,0.999823053552,1.16578647934e-09,0.999823053552,0.999830260109,2.07008750777e-13,0.999830260109,0.999830283901,4.8847231517e-15,0.999830283901,0.998340150026,-5.958357692e-13,0.998340150026,0.999824610462,-3.60154548344e-11,0.999824610462,0.999830283992,1.17597134993e-14,0.999830283992,0.999830283994,2.70180808415e-15,0.999830283994
3.85306938677e-06,0.988061112531,0.0924182457596,0.99237386818,0.99765926486,-2.44204924234e-12,0.99765926486,0.99765926486,-2.44204924234e-12,0.99765926486,0.999797354649,5.87081726269e-10,0.999797354649,0.999807332127,5.73850431064e-14,0.999807332127,0.999807364964,-5.06909909048e-14,0.999807364964,0.99765926486,-2.44212927952e-12,0.99765926486,0.99979038509,-2.16215462452e-10,0.99979038509,0.999807365088,9.23480130147e-15,0.999807365088,0.999807365091,4.12390025636e-14,0.999807365091
4.37344829577e-06,0.985299038847,0.104707622653,0.990847052877,0.996756713356,-9.56557027013e-12,0.996756713356,0.996756713356,-9.56557027013e-12,0.996756713356,0.999765140922,-5.04716407421e-09,0.999765140922,0.999781301804,-1.04418996852e-12,0.999781301804,0.999781351304,-3.62482144945e-14,0.999781351304,0.996756713356,-9.56685270316e-12,0.996756713356,0.999732992457,-1.2542041429e-09,0.999732992457,0.999781351493,5.59482586562e-14,0.999781351493,0.999781351496,4.98083371704e-14,0.999781351496
4.96410733258e-06,0.981958013849,0.118592074479,0.989093332851,0.995581603802,-3.57650496913e-11,0.995581603802,0.995581603802,-3.57650496913e-11,0.995581603802,0.999712052875,-2.41628306845e-08,0.999712052875,0.999751733164,-3.83882902522e-12,0.999751733164,0.999751825084,1.1936243592e-14,0.999751825084,0.995581603802,-3.57576047382e-11,0.995581603802,0.999622632146,-6.95154229434e-09,0.999622632146,0.999751825435,1.30098396378e-14,0.999751825435,0.999751825437,-1.42023478131e-14,0.999751825437
5.6345382277e-06,0.97794585997,0.134270278398,0.987120363833,0.994059397219,-1.25503543154e-10,0.994059397219,0.994059397219,-1.25503543154e-10,0.994059397219,0.999593385625,-5.208512813e-08,0.999593385625,0.999718122366,-6.64230093488e-12,0.999718122366,0.999718312054,3.32340752823e-14,0.999718312054,0.994059397219,-1.25492549893e-10,0.994059397219,0.999400383366,-3.62159361628e-08,0.999400383366,0.999718312771,-2.93037105331e-14,0.999718312771,0.999718312774,6.81712696974e-14,0.999718312774
6.39551462375e-06,0.973172306846,0.151969838904,0.98496658357,0.992081375881,-4.04919714062e-10,0.992081375881,0.992081375881,-4.04919714062e-10,0.992081375881,0.999308366242,4.37583436822e-08,0.999308366242,0.999679922856,3.98794818045e-12,0.999679922856,0.999680274078,-4.57402133196e-15,0.999680274078,0.992081375881,-4.04921740033e-10,0.992081375881,0.998975486558,-1.73170946611e-07,0.998975486558,0.999680275393,9.53575425683e-14,0.999680275393,0.999680275395,5.63230857318e-14,0.999680275395
7.259265205e-06,0.967514972845,0.171951948698,0.982676292245,0.989526606174,-1.16431494386e-09,0.989526606174,0.989526606174,-1.16431494386e-09,0.989526606174,0.998706686248,9.11304379223e-07,0.998706686248,0.999636572972,5.23658190661e-11,0.999636572972,0.99963710064,4.88780159893e-14,0.99963710064,0.989526606174,-1.16430175376e-09,0.989526606174,0.998264843259,-7.32763058992e-07,0.998264843259,0.999637102604,3.34899834097e-14,0.999637102604,0.999637102607,2.29369865241e-14,0.999637102607
8.239670209e-06,0.960738413969,0.194503158834,0.980229452155,0.986333497545,-2.84480375175e-09,0.986333497545,0.986333497545,-2.84480375175e-09,0.986333497545,0.997702239214,4.29424976699e-06,0.997702239223,0.9995873634,9.26062232594e-11,0.9995873634,0.999588098634,4.67564777383e-14,0.999588098634,0.986333497545,-2.84480285652e-09,0.986333497545,0.997293384993,-2.58099229944e-06,0.997293384997,0.999588101344,2.1936295118e-14,0.999588101344,0.999588101347,6.15597559163e-14,0.999588101347
9.35248447823e-06,0.952422308984,0.219902355778,0.977479053856,0.982580959916,-5.44583707081e-09,0.982580959916,0.982580959916,-5.44583707081e-09,0.982580959916,0.996467061118,1.18466328144e-05,0.996467061188,0.999531208213,-1.18549347116e-10,0.999531208213,0.999532480563,-8.49578148355e-14,0.999532480563,0.982580959916,-5.44584026435e-09,0.982580959916,0.996239889184,-6.68005816144e-06,0.996239889207,0.999532485086,-3.36779340375e-15,0.999532485086,0.999532485099,1.74157160153e-13,0.999532485099
1.06155906361e-05,0.941943639259,0.248366009431,0.974137307663,0.978549098157,-6.86071079315e-09,0.978549098157,0.978549098157,-6.86071079315e-09,0.978549098157,0.995357384743,1.80231699987e-05,0.995357384906,0.999467030778,-5.09844274098e-10,0.999467030778,0.999469353335,-1.21375833691e-13,0.999469353335,0.978549098157,-6.86070865704e-09,0.978549098157,0.995168390951,-8.21061816367e-06,0.995168390985,0.999469360871,5.91618413238e-14,0.999469360871,0.99946936131,-2.16915368344e-14,0.99946936131
1.20492864561e-05,0.928387662913,0.280002912454,0.969693396714,0.974859854156,-2.55411333719e-09,0.974859854156,0.974859854156,-2.55411333719e-09,0.974859854156,0.994310945104,7.3512045492e-06,0.994310945131,0.99939426171,-1.45822058002e-10,0.99939426171,0.999397705873,-3.53268797905e-14,0.999397705873,0.974859854156,-2.55410724486e-09,0.974859854156,0.993594287287,1.84136400791e-05,0.993594287458,0.999397701663,1.78319531367e-14,0.999397701663,0.999397717126,3.04869970634e-14,0.999397717126
1.36766110409e-05,0.910397422789,0.314788689191,0.963283647875,0.972600829857,6.24343547854e-09,0.972600829857,0.972600829857,6.24343547854e-09,0.972600829857,0.992613308451,-4.1843977276e-06,0.99261330846,0.99931055404,-8.79168424381e-11,0.99931055404,0.999316384648,-1.45606095117e-13,0.999316384648,0.972600829857,6.24343809059e-09,0.972600829857,0.990774151932,0.000100260918786,0.990774157005,0.999315970315,6.46377057877e-14,0.999315970315,0.999316403211,-2.71646087457e-14,0.999316403211
1.55237150554e-05,0.886502027504,0.352516976705,0.954019949285,0.972809887912,5.1231375472e-09,0.972809887912,0.972809887912,5.1231375472e-09,0.972809887912,0.989763503023,3.64306472856e-05,0.989763503694,0.999209679008,2.41928350915e-09,0.999209679008,0.999224076051,3.09461032863e-13,0.999224076051,0.972809887912,5.12314862851e-09,0.972809887912,0.986340808577,0.000140371487509,0.986340818566,0.999215313763,1.32038232325e-14,0.999215313763,0.999224115405,3.81773046199e-15,0.999224115405
1.762028096e-05,0.855222285559,0.39274075965,0.941090039266,0.976095094728,-3.80791818051e-09,0.976095094728,0.976095094728,-3.80791818051e-09,0.976095094728,0.984313437589,4.51172991715e-05,0.984313438623,0.999107505774,-5.10006083882e-09,0.999107505774,0.999119339321,-8.33516830293e-13,0.999119339321,0.976095094728,-3.80792496951e-09,0.976095094728,0.978732717245,-1.46402077828e-05,0.978732717355,0.999004225642,3.66487224146e-14,0.999004225642,0.999119373934,5.8870218385e-14,0.999119373934
2e-05,0.815686462508,0.435081808006,0.924467730521,0.981762031228,4.39349546424e-11,0.981762031228,0.981762031228,4.39349546424e-11,0.981762031228,0.974744859854,-0.000112115597186,0.974744866302,0.998932973358,4.26628492201e-08,0.998932973358,0.999000358808,6.26502570799e-12,0.999000358808,0.981762031228,4.39502266471e-11,0.981762031228,0.967862363498,-0.000430768704838,0.96786245936,0.998175767039,3.55611544586e-12,0.998175767039,0.999000499837,1.34848413252e-15,0.999000499837
2.2701113615e-05,0.768860080523,0.480012631451,0.906398339459,0.986161630151,-1.74931871172e-10,0.986161630151,0.986161630151,-1.74931871172e-10,0.986161630151,0.960704226852,-0.000576876391561,0.960704400051,0.998746479347,-1.11063018688e-07,0.998746479347,0.998865386004,-1.26863037876e-11,0.998865386004,0.986161630151,-1.74942871433e-10,0.986161630151,0.951759655066,-0.000849861658716,0.951760034503,0.995916994656,1.29200920398e-10,0.995916994656,0.998865588255,-3.60338356633e-14,0.998865588255
2.5767027968e-05,0.712802803916,0.526235639103,0.886008908043,0.987712015223,-8.69986524459e-11,0.987712015223,0.987712015223,-8.69986524459e-11,0.987712015223,0.932900937048,0.000443331619243,0.932901042388,0.998579817294,2.99590901341e-08,0.998579817294,0.998712378802,3.91412215304e-12,0.998712378802,0.987712015223,-8.69994881283e-11,0.987712015223,0.930072079228,0.000222820351953,0.930072105919,0.991785069547,-1.90065264111e-09,0.991785069547,0.998712478174,7.72012989129e-14,0.998712478174
2.92470114711e-05,0.641218218377,0.568607562691,0.857015381384,0.989873640237,1.23681093504e-09,0.989873640237,0.989873640237,1.23681093504e-09,0.989873640237,0.901054129321,0.000647505463065,0.901054361972,0.994717527985,7.77463587444e-08,0.994717527985,0.998538222758,8.83468636636e-12,0.998538222758,0.989873640237,1.23681376455e-09,0.989873640237,0.916105234425,-3.99115709657e-05,0.916105235294,0.992120830803,-3.02214491734e-08,0.992120830803,0.998538718144,7.21327653676e-14,0.998538718144
3.31969865153e-05,0.553453893015,0.603499064498,0.818854280409,0.99101723405,6.69335533154e-09,0.99101723405,0.99101723405,6.69335533154e-09,0.99101723405,0.903401735426,-5.35705427505e-05,0.903401737014,0.984790092165,1.25626180552e-05,0.984790092245,0.998340641384,1.40664217985e-10,0.998340641384,0.99101723405,6.69335537071e-09,0.99101723405,0.938181094008,0.00045865292205,0.93818120612,0.983614849937,6.80875615134e-07,0.983614849937,0.998341527466,-5.51007922341e-14,0.998341527466
3.76804281279e-05,0.453607572785,0.630521361463,0.776734843656,0.983251853999,2.50437804128e-09,0.983251853999,0.983251853999,2.50437804128e-09,0.983251853999,0.943615941089,0.000587520786845,0.943616123992,0.993509566102,-2.05489582886e-06,0.993509566104,0.998116271381,4.24801734404e-11,0.998116271381,0.983251853999,2.50437049621e-09,0.983251853999,0.96813727366,0.000153196799202,0.968137285781,0.985483923042,-3.1804061439e-06,0.985483923048,0.998117752252,1.8790122173e-14,0.998117752252
4.27693839996e-05,0.341461168122,0.645536718489,0.730283085011,0.974524144934,2.62712036447e-10,0.974524144934,0.974524144934,2.62712036447e-10,0.974524144934,0.965769655493,-7.01013972793e-07,0.965769655493,0.97330764931,-7.53818460246e-07,0.973307649311,0.997862947717,7.96548787668e-12,0.997862947717,0.974524144934,2.62713745473e-10,0.974524144934,0.95135398204,0.000192097019551,0.951354001434,0.985865936321,-1.0013105231e-06,0.985865936322,0.9978638157,5.58847475986e-14,0.9978638157
4.8545632271e-05,0.214963021793,0.630848289838,0.666467302672,0.987790393725,-7.51974588887e-09,0.987790393725,0.987790393725,-7.51974588887e-09,0.987790393725,0.929269432779,4.56112897343e-05,0.929269433898,0.968664180335,2.26066523718e-05,0.968664180599,0.997571360146,-1.35536831561e-09,0.997571360146,0.987790393725,-7.51974326553e-09,0.987790393725,0.926828480929,2.15257749218e-05,0.926828481179,0.955199687805,-1.49173100493e-05,0.955199687922,0.997575661856,-8.23900688724e-14,0.997575661856
5.51019956847e-05,0.0868865610892,0.594841428193,0.601153557083,0.989074738595,-7.45963952598e-09,0.989074738595,0.989074738595,-7.45963952598e-09,0.989074738595,0.960847569238,-1.3361374514e-05,0.960847569331,0.99191301676,-7.91462465247e-06,0.991913016792,0.997242149467,-4.05043587489e-10,0.997242149467,0.989074738595,-7.45962987421e-09,0.989074738595,0.974701863173,1.84561606705e-05,0.974701863347,0.95338191968,0.000164197325505,0.95338193382,0.997248692015,4.68723239331e-14,0.997248692015
6.25438332226e-05,-0.0345974787124,0.519416751904,0.52056771672,0.982951205292,5.87771241385e-10,0.982951205292,0.982951205292,5.87771241385e-10,0.982951205292,0.952910609908,-0.000796294693509,0.952910942618,0.966307422355,-3.81993670588e-06,0.966307422363,0.996860647348,8.50744441313e-10,0.996860647348,0.982951205292,5.87775663611e-10,0.982951205292,0.96982126172,0.000205927428728,0.969821283583,0.952233227681,-0.00101447346511,0.952233768072,0.996877462512,-1.91000930402e-13,0.996877462512
7.09907331951e-05,-0.134281255808,0.417104560233,0.438186797871,0.96620633674,-1.95020845086e-08,0.96620633674,0.96620633674,-1.95020845086e-08,0.96620633674,0.98556532073,-3.55018037206e-05,0.985565321369,0.885165903278,6.70085793624e-06,0.885165903303,0.996427245035,1.08084768272e-09,0.996427245035,0.96620633674,-1.9502078508e-08,0.96620633674,0.953034821135,0.000116375547436,0.95303482824,0.891108688261,0.004567490142,0.891120393808,0.996026483513,-7.45251514642e-15,0.996026483513
8.05784349937e-05,-0.193328131933,0.285719114024,0.344979968571,0.981981270531,-2.72366214199e-08,0.981981270531,0.981981270531,-2.72366214199e-08,0.981981270531,0.898783708909,6.87423639036e-05,0.898783711538,0.977912653786,4.85495131586e-05,0.977912654991,0.995921577988,-1.65040613066e-08,0.995921577988,0.981981270531,-2.72366176903e-08,0.981981270531,0.905377320997,0.000295342622324,0.905377369169,0.709987295481,0.000855930563275,0.709987811418,0.991893497852,-1.05562897388e-13,0.991893497852
9.14610103855e-05,-0.198767330124,0.15085750999,0.24953244247,0.979173818305,-1.87943068131e-09,0.979173818305,0.979173818305,-1.87943068131e-09,0.979173818305,0.969393314209,-7.74571286694e-06,0.969393314239,0.849003070038,-0.00184368473561,0.849005071898,0.995344234633,-8.68806269925e-08,0.995344234633,0.979173818305,-1.87942874933e-09,0.979173818305,0.956256718315,-0.00012775003675,0.956256726848,0.735756892589,0.00122535465605,0.735757912962,0.965188720103,-2.12024353088e-14,0.965188720103
0.000103813339405,-0.151178424279,0.0423526167591,0.156998917556,0.967900099911,-4.81912797608e-09,0.967900099911,0.967900099911,-4.81912797608e-09,0.967900099911,0.987169337422,-5.7738497952e-07,0.987169337422,0.809136162206,0.000294011555483,0.809136215623,0.994558326223,-2.75723500429e-08,0.994558326223,0.967900099911,-4.81912830673e-09,0.967900099911,0.97778196901,0.000111856768421,0.977781975409,0.868993708465,0.00487447201871,0.869007379617,0.970530780324,-1.07975550074e-13,0.970530780324
0.000117833920629,-0.0703921703977,-0.0112949407263,0.0712925896522,0.970843238967,1.67985154866e-08,0.970843238967,0.970843238967,1.67985154866e-08,0.970843238967,0.962496014681,9.4178110896e-07,0.962496014681,0.275920438552,0.000633310424055,0.275921165359,0.972496493204,-5.43815339547e-07,0.972496493204,0.970843238967,1.67985262512e-08,0.970843238967,0.954605216387,-0.000156147011196,0.954605229158,0.897182180714,-0.00013785716762,0.897182191305,0.948392607505,-5.01517633862e-11,0.948392607505
0.000133748060995,0.000759368287294,0.00036408056556,0.00084213707552,0.964965043235,3.76205669737e-09,0.964965043235,0.964965043235,3.76205669737e-09,0.964965043235,0.959040943456,3.85622057752e-05,0.959040944231,0.890294093121,-0.000160879608649,0.890294107657,0.981697472325,7.55331476864e-06,0.981697472354,0.964965043235,3.76205655991e-09,0.964965043235,0.956735082267,8.10567827751e-05,0.956735085701,0.842014309723,-0.00085050201468,0.842014739261,0.921895584368,-1.05191017505e-07,0.921895584368
0.000151811496422,0.0176481066212,0.0487491738742,0.0518453240006,0.953406791295,4.61562620451e-08,0.953406791295,0.953406791295,4.61562620451e-08,0.953406791295,0.947143791041,-1.65196152808e-06,0.947143791042,0.879005721823,0.00147297631239,0.879006955978,0.99012137855,4.34562822337e-06,0.99012137856,0.953406791295,4.61562649694e-08,0.953406791295,0.941400306039,-2.1834155493e-05,0.941400306292,0.859430041923,-0.000243923734737,0.859430076538,0.946785449313,9.71472193939e-06,0.946785449363
0.000172314501417,-0.0235254720302,0.0752091821248,0.0788027214639,0.954890693091,1.19907122515e-08,0.954890693091,0.954890693091,1.19907122515e-08,0.954890693091,0.974841838294,2.80104357875e-07,0.974841838294,0.77405138986,-6.25121586329e-05,0.774051392384,0.848479843926,-1.36306811001e-05,0.848479844035,0.954890693091,1.19907228251e-08,0.954890693091,0.972873767555,-8.11615937744e-07,0.972873767555,0.895608871375,-0.000272799680154,0.895608912922,0.893632784555,-0.000110284840724,0.89363279136
0.000195586553709,-0.0701430555969,0.0405470555351,0.0810192073587,0.948927593687,1.73002611966e-08,0.948927593687,0.948927593687,1.73002611966e-08,0.948927593687,0.889035332361,-3.33993644941e-05,0.889035332989,0.75253949134,-3.95291407002e-05,0.752539492378,0.893903759479,8.34278215547e-05,0.893903763372,0.948927593687,1.73002636447e-08,0.948927593687,0.932077205353,8.97579034746e-05,0.932077209675,0.8664875427,0.00235238791972,0.86649073589,0.845944178307,-2.1772725231e-05,0.845944178587
0.000222001628865,-0.0610505544759,-0.0204773876289,0.0643932729866,0.940785093215,8.83069719544e-09,0.940785093215,0.940785093215,8.83069719544e-09,0.940785093215,0.954302078274,3.56109029194e-06,0.954302078281,0.908653010878,-0.000135353938394,0.90865302096,0.981774784476,-4.87842320588e-05,0.981774785688,0.940785093215,8.83068903729e-09,0.940785093215,0.946297138576,6.6747925797e-06,0.9462971386,0.921360833073,-0.000298709633459,0.921360881494,0.888180339903,-2.17773166758e-06,0.888180339905
0.000251984209979,-0.0108829825996,-0.037828811537,0.0393631590776,0.934216782684,-2.44471882371e-08,0.934216782684,0.934216782684,-2.44471882371e-08,0.934216782684,0.895941591095,-2.03919719243e-05,0.895941591327,0.935449924645,-0.00167594104823,0.935451425942,0.952698890805,-2.13131031295e-05,0.952698891043,0.934216782684,-2.44471827604e-08,0.934216782684,0.879147776736,-1.57389900973e-05,0.879147776877,0.921341995168,0.000528734624951,0.921342146881,0.854836359456,-0.000864867041087,0.854836796964
0.000286016108996,0.0127965591846,-0.0119192527776,0.0174877246588,0.927840888252,-9.28993726204e-09,0.927840888252,0.927840888252,-9.28993726204e-09,0.927840888252,0.929508724338,-3.63742108815e-05,0.92950872505,0.959421802738,-2.89318507926e-05,0.959421803174,0.488667089814,-4.67428287967e-06,0.488667089837,0.927840888252,-9.28993324387e-09,0.927840888252,0.93584036981,-6.23347743961e-05,0.935840371886,0.876978753937,0.000398057596826,0.876978844275,0.51099564014,0.0190895729772,0.511352086178
0.000324644209301,0.00430052770682,0.00237689601756,0.00491367207243,0.917734663652,1.40259269202e-08,0.917734663652,0.917734663652,1.40259269202e-08,0.917734663652,0.933826938312,-1.04738952047e-06,0.933826938313,0.898742488803,-1.52335717013e-06,0.898742488804,0.972954011754,5.67117720957e-06,0.972954011771,0.917734663652,1.40259212362e-08,0.917734663652,0.910643318058,-2.64506210742e-05,0.910643318442,0.921653029192,3.56511477465e-05,0.921653029881,0.755971133091,-0.0078891254983,0.75601229644
0.00036848925399,-0.00020954254447,0.0005457044898,0.000584552365602,0.906749888518,2.87034857399e-08,0.906749888518,0.906749888518,2.87034857399e-08,0.906749888518,0.866064740315,1.95763669069e-05,0.866064740536,0.960446790337,4.01177028539e-06,0.960446790345,0.949986921039,-0.000405031055243,0.949987007383,0.906749888518,2.87035121339e-08,0.906749888518,0.885975293758,-2.523144221e-05,0.885975294118,0.872252824473,-0.000153310102016,0.872252837946,0.338905945733,-0.00914063313498,0.339029189344
0.000418255821037,4.38383710393e-05,1.74719788649e-05,4.71918724023e-05,0.897610001107,1.46741628502e-08,0.897610001107,0.897610001107,1.46741628502e-08,0.897610001107,0.846730080824,-9.62443262187e-06,0.846730080879,0.970282606462,-3.87844819849e-07,0.970282606462,0.754093699971,0.000575163811958,0.754093919316,0.897610001107,1.46741677465e-08,0.897610001107,0.866556214684,-0.000150533707049,0.866556227759,0.862494471049,0.000160899095368,0.862494486057,0.604280369797,-0.00105721366633,0.604281294616
0.000474743645674,-7.28296316198e-06,9.20779214354e-06,1.17398887805e-05,0.884746197265,3.49642867943e-08,0.884746197265,0.884746197265,3.49642867943e-08,0.884746197265,0.838963248284,0.000165752076937,0.838963264658,0.854170933164,-3.1095661247e-06,0.85417093317,0.543263664834,0.000440521364308,0.543263843439,0.884746197265,3.4964282045e-08,0.884746197265,0.858918813183,-6.14769749459e-05,0.858918815383,0.87800466523,-0.000211768163148,0.878004690769,0.451929046693,0.0147706566546,0.452170361194
0.000538860471922,-5.87633926004e-08,-1.49896386674e-07,1.61003301356e-07,0.863929231106,-2.05426353109e-08,0.863929231106,0.863929231106,-2.05426353109e-08,0.863929231106,0.828048060573,5.0786963765e-06,0.828048060588,0.924758946764,-0.000112453834887,0.924758953602,0.929734204482,3.50283374417e-05,0.929734205142,0.863929231106,-2.05426414293e-08,0.863929231106,0.843308295643,-9.21718336032e-05,0.84330830068,0.826443408907,-0.000853526725127,0.826443849656,0.478989711743,0.000871972167791,0.478990505429
0.000611636639786,3.75028184895e-10,1.81981895059e-10,4.16849552711e-10,0.845232957714,5.74297809467e-08,0.845232957714,0.845232957714,5.74297809467e-08,0.845232957714,0.850073305558,2.14304116004e-05,0.850073305828,0.86933633134,-3.48996781913e-06,0.869336331347,0.722033210434,0.000203186124664,0.722033239023,0.845232957714,5.7429790588e-08,0.845232957714,0.858468106822,-0.000127047832553,0.858468116223,0.858296492516,0.000705879665891,0.858296782781,0.509019145127,0.0117563014842,0.509154888743
0.000694241642544,-6.17167572467e-11,4.17887795298e-12,6.18580726017e-11,0.829301507198,2.8018934418e-09,0.829301507198,0.829301507198,2.8018934418e-09,0.829301507198,0.844099168385,2.04280453939e-05,0.844099168632,0.937212147499,-1.74966293274e-06,0.937212147501,0.362134691504,-5.96064327066e-05,0.36213469641,0.829301507198,2.80189118596e-09,0.829301507198,0.835862316619,-0.000197339011341,0.835862339914,0.734252151041,0.00115838890891,0.734253064803,0.654122417397,0.000356210688588,0.654122514387
0.000788002920182,-1.26874960881e-11,1.22988841916e-12,1.27469675809e-11,0.814803289279,1.36060259317e-09,0.814803289279,0.814803289279,1.36060259317e-09,0.814803289279,0.841300900115,-4.88030604774e-05,0.841300901531,0.522533444588,-1.31594705864e-05,0.522533444754,0.30648821234,-1.30102351634e-05,0.306488212616,0.814803289279,1.36060394678e-09,0.814803289279,0.823052815016,3.81381466768e-06,0.823052815025,0.83677314587,-1.7494012027e-05,0.836773146053,0.744815875913,0.00063107749967,0.744816143267
0.000894427191,-1.9925750491e-18,-1.9294930871e-18,2.77367966778e-18,0.795492932923,-8.59471120243e-09,0.795492932923,0.795492932923,-8.59471120243e-09,0.795492932923,0.809172148191,-1.36083361143e-08,0.809172148191,0.847098026116,-4.6738495452e-07,0.847098026116,0.903125859728,-7.00945719045e-05,0.903125862449,0.795492932923,-8.59470845651e-09,0.795492932923,0.79869012524,3.03696291521e-07,0.79869012524,0.673252395967,0.00147337437253,0.673254008163,0.115607116782,0.000266078968956,0.115607422982
0.00101522466416,-1.60598311265e-16,-2.67122655925e-16,3.11683061602e-16,0.773785527892,1.54370313665e-07,0.773785527892,0.773785527892,1.54370313665e-07,0.773785527892,0.77375342696,-3.67943080783e-05,0.773753427835,0.609575523683,-5.21853177756e-05,0.609575525916,0.915089204007,-0.000469951812404,0.91508932468,0.773785527892,1.54370319634e-07,0.773785527892,0.783619564109,-1.61404794012e-06,0.783619564111,0.737308544843,-0.000426949179141,0.737308668458,0.402077937871,0.00578104639207,0.402119495449
0.00115233652229,6.69239734993e-19,-6.08066459455e-19,9.04227096479e-19,0.757804077006,6.10106177282e-08,0.757804077006,0.757804077006,6.10106177282e-08,0.757804077006,0.752724577577,2.76394381282e-06,0.752724577582,0.786727146671,0.00046452850437,0.786727283813,0.919085424481,1.66522841386e-05,0.919085424632,0.757804077006,6.10106155064e-08,0.757804077006,0.728303506837,4.51397203151e-05,0.728303508236,0.713692804811,-1.63882742798e-05,0.713692804999,0.63759905053,-0.00685145485324,0.637635861343
0.00130796611576,2.09782846808e-19,5.38333746494e-19,5.77764714593e-19,0.757896224007,2.51585021334e-08,0.757896224007,0.757896224007,2.51585021334e-08,0.757896224007,0.705633785341,-3.76853478427e-06,0.705633785351,0.757385012084,-2.66335684908e-06,0.757385012089,0.642651933714,7.93873345889e-05,0.642651938618,0.757896224007,2.51585043616e-08,0.757896224007,0.718300360083,-3.28440734477e-05,0.718300360834,0.606047154216,-0.000135465546648,0.606047169356,0.640525944102,0.00389710308328,0.640537799416
0.00148461436993,4.75130201887e-23,1.38357227382e-23,4.94865063542e-23,0.735775394212,8.50692775958e-09,0.735775394212,0.735775394212,8.50692775958e-09,0.735775394212,0.704472049517,-7.53043947024e-06,0.704472049558,0.46716804138,0.000125162665053,0.467168058147,0.890509697752,5.5113841448e-06,0.890509697769,0.735775394212,8.50692809483e-09,0.735775394212,0.652324457822,-6.12603771637e-06,0.652324457851,0.594558052914,0.000100112596388,0.594558061343,0.241745335154,0.00856599675102,0.241897051178
0.00168511997431,-3.29572497013e-27,-7.77472506824e-27,8.44441548986e-27,0.723839857309,-1.80298319189e-09,0.723839857309,0.723839857309,-1.80298319189e-09,0.723839857309,0.610506863584,-1.47933067059e-05,0.610506863763,0.455253708064,0.000227594599131,0.455253764955,0.910732522856,-9.95473755798e-08,0.910732522856,0.723839857309,-1.80298365776e-09,0.723839857309,0.613217717092,3.67374362998e-06,0.613217717103,0.55734472973,-0.00040946499246,0.557344880141,0.406032080435,-0.000615033842764,0.406032546243
0.00191270499958,5.21037860524e-25,-6.73830426267e-25,8.51779252778e-25,0.683271365255,-4.11262578512e-10,0.683271365255,0.683271365255,-4.11262578512e-10,0.683271365255,0.533514086371,-4.99927064973e-05,0.533514088714,0.575156398066,0.000131725713828,0.57515641315,0.422031154381,5.21959872263e-07,0.422031154382,0.683271365255,-4.11257265632e-10,0.683271365255,0.522869360825,-5.60824275436e-05,0.522869363832,0.602004308931,-2.90517661922e-05,0.602004309632,0.594925391842,-0.000172094784865,0.594925416733
0.00217102667537,-3.77044469036e-31,-1.57475866238e-30,1.61926754318e-30,0.652268870515,-6.70350600512e-09,0.652268870515,0.652268870515,-6.70350600512e-09,0.652268870515,0.475839764068,-0.000105879770761,0.475839775847,0.409261609619,1.07258313826e-05,0.409261609759,0.687165745999,5.69425610022e-05,0.687165748358,0.652268870515,-6.70350178684e-09,0.652268870515,0.55224073629,-2.35907466301e-05,0.552240736794,0.529572640381,7.97807295398e-05,0.52957264639,0.638499173332,-0.000362497292665,0.638499276233
0.00246423616094,6.75793479206e-28,-3.72896924381e-27,3.789710866e-27,0.576995292209,3.81315162655e-09,0.576995292209,0.576995292209,3.81315162655e-09,0.576995292209,0.527339010356,9.4437275497e-06,0.52733901044,0.612813431913,-2.78903473375e-05,0.612813432548,0.598778915769,2.14981743419e-06,0.598778915773,0.576995292209,3.81315087635e-09,0.576995292209,0.576184309385,1.66652039734e-05,0.576184309626,0.48936116186,-8.76333710751e-05,0.489361169707,0.359584230533,0.00558601032279,0.359627616235
0.00279704525318,4.78177444607e-33,1.82502484389e-32,1.88662909692e-32,0.501067347253,1.08434840507e-09,0.501067347253,0.501067347253,1.08434840507e-09,0.501067347253,0.555971537803,-5.71747760126e-05,0.555971540743,0.582445786711,3.36214480732e-05,0.582445787681,0.77634229663,2.29520208002e-06,0.776342296633,0.501067347253,1.08435453065e-09,0.501067347253,0.574791124882,-3.90060386192e-05,0.574791126206,0.501380333148,-0.000161269540992,0.501380359084,0.202337205997,0.00262818675487,0.202354274223
0.00317480210394,5.93824419088e-28,-3.38735923693e-28,6.83644254496e-28,0.448847047159,3.3405139738e-09,0.448847047159,0.448847047159,3.3405139738e-09,0.448847047159,0.521333331895,-1.09502382899e-05,0.52133333201,0.444426961822,-8.46553972847e-07,0.444426961822,0.1232825476,6.61842442809e-06,0.123282547777,0.448847047159,3.34051584583e-09,0.448847047159,0.471597838595,4.88473513581e-07,0.471597838595,0.421465768962,-7.16556647713e-05,0.421465775053,0.337165253274,0.00281888172457,0.337177036747
0.00360357716333,-2.2587970433e-29,-3.29182678138e-30,2.28265751229e-29,0.389072910566,-1.07770485803e-08,0.389072910566,0.389072910566,-1.07770485803e-08,0.389072910566,0.525957277226,-5.6016450781e-05,0.525957280209,0.363567826369,-1.54399650072e-06,0.363567826373,0.638213458651,1.48674228257e-07,0.638213458651,0.389072910566,-1.07770441743e-08,0.389072910566,0.522050256652,7.35120138195e-05,0.522050261827,0.331602529204,-0.000336754751683,0.331602700198,0.451438007046,-0.000350625976335,0.451438143209
0.00409026073025,1.94429498293e-35,5.65460378297e-35,5.97953400551e-35,0.307831150047,-2.30304699997e-08,0.307831150047,0.307831150047,-2.30304699997e-08,0.307831150047,0.487956895514,-8.62619645661e-05,0.487956903139,0.430813178598,-2.37523663831e-06,0.430813178604,0.307689966414,-3.37554617074e-05,0.307689968266,0.307831150047,-2.30304717218e-08,0.307831150047,0.468090462862,1.01559823211e-05,0.468090462972,0.43524607854,0.000147206317268,0.435246103434,0.455406028773,0.00121574025681,0.455407651524
0.00464267367762,-4.21654647795e-40,-9.96185829035e-40,1.08174805199e-39,0.227474794943,-2.17866050077e-10,0.227474794943,0.227474794943,-2.17866050077e-10,0.227474794943,0.40807042649,3.51086020656e-05,0.408070428,0.200263268116,8.97145193549e-06,0.200263268317,0.44922104119,0.000191086901765,0.449221081832,0.227474794943,-2.1786424649e-10,0.227474794943,0.404194501054,1.04531967354e-05,0.404194501189,0.257163369134,-0.000180970111427,0.25716343281,0.0601504444157,0.00382042732488,0.0602716486281
0.00526969313165,-6.77873651408e-48,-6.17763659835e-47,6.21471693874e-47,0.156350366082,1.06126710666e-08,0.156350366082,0.156350366082,1.06126710666e-08,0.156350366082,0.336907701675,1.613018132e-06,0.336907701679,0.314393862248,-2.19041373708e-06,0.314393862256,0.478124650381,5.61355208803e-07,0.478124650381,0.156350366082,1.06126721713e-08,0.156350366082,0.309127996064,-1.70620978008e-06,0.309127996069,0.175727005128,0.000376197678539,0.175727407811,0.135690355101,0.00186994062444,0.135703239259
0.00598139512488,-3.24167792575e-48,2.41310891401e-47,2.43478528594e-47,0.112126809,1.51553786065e-09,0.112126809,0.112126809,1.51553786065e-09,0.112126809,0.25854465132,1.30875506977e-07,0.25854465132,0.304975663697,8.51929989891e-06,0.304975663816,0.430620642674,1.02287410361e-05,0.430620642795,0.112126809,1.51553723874e-09,0.112126809,0.285312590819,-8.0479412262e-06,0.285312590932,0.109820297558,-2.03776082159e-05,0.109820299448,0.0615725867231,0.000115800626439,0.0615726956171
0.00678921651531,-1.29929763698e-56,-5.972925463e-57,1.43001144587e-56,0.11247109582,-1.82059035628e-09,0.11247109582,0.11247109582,-1.82059035628e-09,0.11247109582,0.23515942185,-3.34584530408e-06,0.235159421874,0.136349629646,-1.75323907153e-07,0.136349629647,0.14827169535,9.50429617937e-05,0.148271725811,0.11247109582,-1.82059137369e-09,0.11247109582,0.224959995451,9.33723898162e-07,0.224959995453,0.178936881088,-9.5277509717e-05,0.178936906454,0.148583459529,0.000390224877739,0.148583971952
0.00770613877354,1.53891710998e-66,-2.2727652969e-67,1.55560936367e-66,0.170732952482,-2.75577673742e-09,0.170732952482,0.170732952482,-2.75577673742e-09,0.170732952482,0.241073004572,1.52490443898e-06,0.241073004577,0.0693463117893,-0.000500371696065,0.069348116994,0.132937615328,-3.28285413244e-05,0.132937619382,0.170732952482,-2.75577848669e-09,0.170732952482,0.262959375979,-1.25287752382e-06,0.262959375982,0.1437064688,0.000131361949328,0.143706528839,0.142026974235,-0.000258223367816,0.142027208976
0.00874689659155,-1.07128116421e-69,-8.46393636851e-70,1.36529319975e-69,0.244557100174,-1.46357079694e-08,0.244557100174,0.244557100174,-1.46357079694e-08,0.244557100174,0.301342281004,-8.84105650712e-05,0.301342293973,0.166424532234,2.53931609846e-06,0.166424532254,0.177352813989,-2.35840592444e-06,0.177352814005,0.244557100174,-1.46357062532e-08,0.244557100174,0.234520449483,-1.43386080286e-05,0.234520449921,0.158439220247,2.80815472065e-05,0.158439222736,0.0939007310277,0.00337638973823,0.0939614138633
0.00992821466516,9.6748951884e-83,-1.76154926378e-83,9.83395407327e-83,0.298740697278,-5.85912050533e-09,0.298740697278,0.298740697278,-5.85912050533e-09,0.298740697278,0.236875707161,-1.46898534882e-06,0.236875707166,0.141666526503,-5.91492734019e-05,0.141666538851,0.210235134385,-3.86137922681e-06,0.21023513442,0.298740697278,-5.85911719724e-09,0.298740697278,0.108117304191,1.97213789676e-05,0.10811730599,0.16471507279,-1.04040333857e-05,0.164715073118,0.0902307169503,-0.000148662304663,0.0902308394167
0.0112690764554,-4.56723739474e-96,2.295608393e-97,4.57300290824e-96,0.303695749365,2.61622716301e-09,0.303695749365,0.303695749365,2.61622716301e-09,0.303695749365,0.109498585459,1.45028606167e-05,0.109498586419,0.105689195986,-1.30348326911e-05,0.10568919679,0.0487276022347,1.49518314672e-05,0.0487276045286,0.303695749365,2.61623128839e-09,0.303695749365,0.0246505955479,-5.36960214768e-07,0.0246505955538,0.090485075517,-2.09130017012e-05,0.0904850779337,0.0528054111105,-4.82694228513e-05,0.0528054331721
0.0127910292475,-5.80622421377e-101,1.01041129161e-101,5.89348543722e-101,0.274673594083,-9.59347531657e-09,0.274673594083,0.274673594083,-9.59347531657e-09,0.274673594083,0.0184093562315,-5.96679891111e-07,0.0184093562412,0.142883041279,1.92835514961e-05,0.14288304258,0.0933722829116,6.53609928852e-09,0.0933722829116,0.274673594083,-9.59347352462e-09,0.274673594083,0.00638726744827,-1.0074694124e-07,0.00638726744906,0.0669321397826,6.97317635415e-05,0.0669321761068,0.0291937057733,5.16979020451e-06,0.029193706231
0.01451853041,-4.06170795266e-113,1.41460938159e-112,1.47176574815e-112,0.211221212448,-9.9684105919e-09,0.211221212448,0.211221212448,-9.9684105919e-09,0.211221212448,0.016971991273,2.77183029181e-08,0.0169719912731,0.0949824433634,-2.77472406454e-07,0.0949824433638,0.253200321609,4.24442424518e-05,0.253200325166,0.211221212448,-9.96841179891e-09,0.211221212448,0.033215759255,6.87640055027e-07,0.0332157592621,0.120905867236,1.2893217899e-05,0.120905867924,0.0708914366234,-0.000296756071876,0.0708920577406
0.016479340418,4.54401875323e-112,-5.75075370995e-111,5.76867829722e-111,0.126208380264,8.22136609926e-11,0.126208380264,0.126208380264,8.22136609926e-11,0.126208380264,0.0800870933352,-3.11422755633e-07,0.0800870933358,0.0405521274264,-1.14408295624e-06,0.0405521274425,0.0795613317076,-6.31538168689e-06,0.0795613319583,0.126208380264,8.22113767923e-11,0.126208380264,0.0992159794711,-1.45686110108e-06,0.0992159794818,0.051333270051,-2.48363071961e-05,0.0513332760592,0.0352285371205,0.000157020710146,0.0352288870553
0.0187049689565,9.29595727488e-125,4.08209886705e-125,1.01527509975e-124,0.0639937077772,6.22721222606e-09,0.0639937077772,0.0639937077772,6.22721222606e-09,0.0639937077772,0.113529905658,1.55761826358e-06,0.113529905669,0.12491929159,-3.36908350693e-07,0.124919291591,0.103019521982,1.76701196906e-06,0.103019521997,0.0639937077772,6.22721178296e-09,0.0639937077772,0.0910741983929,7.63556714414e-06,0.091074198713,0.00437129683899,6.79538716921e-07,0.00437129689181,0.0154854259035,3.89859952301e-05,0.0154854749788
0.0212311812723,3.67158288808e-117,-7.59428088867e-117,8.43526070256e-117,0.088805579315,1.18142931503e-08,0.088805579315,0.088805579315,1.18142931503e-08,0.088805579315,0.0233777771109,-8.29537454283e-08,0.023377777111,0.12695339351,-0.00035133020892,0.126953879644,0.0439486551384,-2.57699212744e-05,0.0439486626937,0.088805579315,1.1814293088e-08,0.088805579315,0.00189887841515,2.86604993841e-08,0.00189887841536,0.0122409976847,-1.50103618731e-06,0.0122409977768,0.00800117372374,5.45075847121e-06,0.0080011755804
0.0240985729121,-2.39522591422e-131,-9.96154222515e-132,2.59411457248e-131,0.110821800907,-2.78743163281e-09,0.110821800907,0.110821800907,-2.78743163281e-09,0.110821800907,0.0562489331422,1.71996611076e-07,0.0562489331425,0.000169439260263,3.73725469317e-07,0.000169439672419,0.15068544217,-1.61562444246e-05,0.150685443037,0.110821800907,-2.78743067719e-09,0.110821800907,0.0427207218345,2.99500982007e-06,0.0427207219395,0.0243750088708,-1.30278269867e-05,0.0243750123523,0.000117347278418,1.77382562987e-06,0.000117360684258
0.0273532220818,4.9035041741e-130,1.52854805188e-129,1.60527339689e-129,0.11273934699,7.89775201789e-09,0.11273934699,0.11273934699,7.89775201789e-09,0.11273934699,0.0127938437358,-8.82039222451e-07,0.0127938437662,0.0484697229097,2.59074829921e-07,0.0484697229104,0.0310880242799,-3.20477961958e-07,0.0310880242816,0.11273934699,7.89775367508e-09,0.11273934699,0.0203589183345,2.19824243988e-07,0.0203589183356,0.0175625013472,3.10508256134e-05,0.0175625287964,0.000148744459864,-1.72590040591e-08,0.000148744460865
0.0310474301108,-3.70801699865e-148,-1.51102248049e-147,1.55585437531e-147,0.0953601238496,-1.25535184349e-08,0.0953601238496,0.0953601238496,-1.25535184349e-08,0.0953601238496,0.0145978723838,-2.10527310563e-07,0.0145978723854,0.0552355012493,-8.34530282584e-07,0.0552355012556,0.012373499998,9.07290326852e-07,0.0123735000313,0.0953601238496,-1.25535188046e-08,0.0953601238496,0.0217426514418,5.32609222216e-07,0.0217426514483,0.0196336567592,7.07880591258e-07,0.019633656772,0.000682291966949,9.23457468789e-07,0.000682292591882
0.0352405619199,-2.20078661612e-169,1.36484420638e-169,2.5896450408e-169,0.0956504584899,7.2993093618e-09,0.0956504584899,0.0956504584899,7.2993093618e-09,0.0956504584899,0.00276041745964,-6.97457254019e-10,0.00276041745964,0.0138363105622,1.75714797282e-07,0.0138363105633,0.0179808495574,-6.7169319649e-06,0.017980850812,0.0956504584899,7.29930727209e-09,0.0956504584899,0.00282522093512,-7.76762691584e-08,0.00282522093619,0.00326670020354,4.38376107465e-06,0.00326670314494,0.00175755381389,-9.08025682064e-07,0.00175755404846
0.04,-1.47600687506e-152,1.33023410775e-152,1.98698743746e-152,0.0657825138095,3.54923178595e-09,0.0657825138095,0.0657825138095,3.54923178595e-09,0.0657825138095,0.0128978265584,4.34305002975e-08,0.0128978265584,0.0286408016251,1.59576330944e-07,0.0286408016256,0.0207286521354,-2.74087498161e-06,0.0207286523167,0.0657825138095,3.5492323374e-09,0.0657825138095,0.0119970879955,5.61755751817e-07,0.0119970880086,3.36794917149e-05,1.02735257326e-08,3.36794932818e-05,0.000222862358326,-1.95152730533e-07,0.00022286244377
