type,lig_atom,residue,persistence
hydrophobic,2741,A:TYR96,517
hydrophobic,2740,A:TYR96,460
hydrophobic,2738,A:TYR96,373
hydrophobic,2742,A:TYR96,369
hydrophobic,2740,A:TYR64,313
hydrophobic,2741,A:TYR64,289
hydrophobic,2733,A:ALA11,283
hydrophobic,2736,A:TYR96,237
hydrophobic,2747,A:TYR96,194
hbond,2739,A:HIS95,163
hbond,2737,A:TYR96,160
hydrophobic,2747,A:TYR64,150
hbond,2739,A:TYR64,132
hydrophobic,2735,A:ALA11,129
hydrophobic,2743,A:TYR96,121
hydrophobic,2742,A:TYR64,114
hydrophobic,2732,A:ALA11,99
hydrophobic,2728,A:ALA11,97
hbond,2755,A:HIS95,94
hydrophobic,2745,A:TYR96,81
hydrophobic,2751,A:TYR96,69
hydrophobic,2727,A:ALA11,65
hydrophobic,2749,A:TYR96,63
hydrophobic,2760,A:TYR96,61
hydrophobic,2745,A:TYR64,54
hydrophobic,2743,A:TYR64,46
hydrophobic,2743,A:MET72,43
hydrophobic,2742,A:MET72,39
hbond,2734,A:TYR96,29
hydrophobic,2743,A:VAL9,21
hydrophobic,2738,A:TYR64,20
hydrophobic,2742,A:VAL9,20
hydrophobic,2735,A:TYR96,8
hbond,2753,A:HIS95,8
hbond,2748,A:TYR64,6
hydrophobic,2726,A:ALA11,5
hydrophobic,2731,A:ALA11,3
hydrophobic,2729,A:ALA11,3
hydrophobic,2735,A:GLY10,2
hydrophobic,2736,A:ALA11,2
hbond,2748,A:TYR96,2
hydrophobic,2726,A:TYR96,1
